Workbook

Sheet Laporan
B1: LAPORAN PENDAPATAN BULANAN
B2: Redjeki Semarang
B3: NO. | C3: TANGGAL | D3: HARI | E3: ROOM | F3: F&B | G3: JUMLAH | H3: TAX | I3: SERVICE | J3: TOTAL | M3: PB1
B4: 1 | C4: 46143 | D4: Jumat | E4: =SUMIF(Input!$D$5:$D$531,C4,Input!$R$5:$R$531) -> 0 | F4: =SUMIF(Input!$D$5:$D$531,C4,Input!$T$5:$T$531) -> 497000 | G4: =E4+F4 -> 497000 | H4: =G4*11% -> 54670 | I4: =G4*1% -> 4970 | J4: =G4+H4+I4 -> 556640 | M4: =+G4*40% -> 198800
B5: 2 | C5: =C4+1 -> 46144 | D5: Sabtu | E5: =SUMIF(Input!$D$5:$D$531,C5,Input!$R$5:$R$531) -> 0 | F5: =SUMIF(Input!$D$5:$D$531,C5,Input!$T$5:$T$531) -> 1299000 | G5: =E5+F5 -> 1299000 | H5: =G5*11% -> 142890 | I5: =G5*1% -> 12990 | J5: =G5+H5+I5 -> 1454880 | M5: =+G5*40% -> 519600
B6: 3 | C6: =C5+1 -> 46145 | D6: Minggu | E6: =SUMIF(Input!$D$5:$D$531,C6,Input!$R$5:$R$531) -> 0 | F6: =SUMIF(Input!$D$5:$D$531,C6,Input!$T$5:$T$531) -> 185000 | G6: =E6+F6 -> 185000 | H6: =G6*11% -> 20350 | I6: =G6*1% -> 1850 | J6: =G6+H6+I6 -> 207200 | M6: =+G6*40% -> 74000
B7: 4 | C7: =C6+1 -> 46146 | D7: Senin | E7: =SUMIF(Input!$D$5:$D$531,C7,Input!$R$5:$R$531) -> 0 | F7: =SUMIF(Input!$D$5:$D$531,C7,Input!$T$5:$T$531) -> 716000 | G7: =E7+F7 -> 716000 | H7: =G7*11% -> 78760 | I7: =G7*1% -> 7160 | J7: =G7+H7+I7 -> 801920 | M7: =+G7*40% -> 286400
B8: 5 | C8: =C7+1 -> 46147 | D8: Selasa | E8: =SUMIF(Input!$D$5:$D$531,C8,Input!$R$5:$R$531) -> 0 | F8: =SUMIF(Input!$D$5:$D$531,C8,Input!$T$5:$T$531) -> 105000 | G8: =E8+F8 -> 105000 | H8: =G8*11% -> 11550 | I8: =G8*1% -> 1050 | J8: =G8+H8+I8 -> 117600 | M8: =+G8*40% -> 42000
B9: 6 | C9: =C8+1 -> 46148 | D9: Rabu | E9: =SUMIF(Input!$D$5:$D$531,C9,Input!$R$5:$R$531) -> 0 | F9: =SUMIF(Input!$D$5:$D$531,C9,Input!$T$5:$T$531) -> 188500 | G9: =E9+F9 -> 188500 | H9: =G9*11% -> 20735 | I9: =G9*1% -> 1885 | J9: =G9+H9+I9 -> 211120 | M9: =+G9*40% -> 75400
B10: 7 | C10: =C9+1 -> 46149 | D10: Kamis | E10: =SUMIF(Input!$D$5:$D$531,C10,Input!$R$5:$R$531) -> 0 | F10: =SUMIF(Input!$D$5:$D$531,C10,Input!$T$5:$T$531) -> 370000 | G10: =E10+F10 -> 370000 | H10: =G10*11% -> 40700 | I10: =G10*1% -> 3700 | J10: =G10+H10+I10 -> 414400 | M10: =+G10*40% -> 148000
B11: 8 | C11: =C10+1 -> 46150 | D11: Jumat | E11: =SUMIF(Input!$D$5:$D$531,C11,Input!$R$5:$R$531) -> 0 | F11: =SUMIF(Input!$D$5:$D$531,C11,Input!$T$5:$T$531) -> 375000 | G11: =E11+F11 -> 375000 | H11: =G11*11% -> 41250 | I11: =G11*1% -> 3750 | J11: =G11+H11+I11 -> 420000 | M11: =+G11*40% -> 150000
B12: 9 | C12: =C11+1 -> 46151 | D12: Sabtu | E12: =SUMIF(Input!$D$5:$D$531,C12,Input!$R$5:$R$531) -> 0 | F12: =SUMIF(Input!$D$5:$D$531,C12,Input!$T$5:$T$531) -> 358000 | G12: =E12+F12 -> 358000 | H12: =G12*11% -> 39380 | I12: =G12*1% -> 3580 | J12: =G12+H12+I12 -> 400960 | M12: =+G12*40% -> 143200
B13: 10 | C13: =C12+1 -> 46152 | D13: Minggu | E13: =SUMIF(Input!$D$5:$D$531,C13,Input!$R$5:$R$531) -> 0 | F13: =SUMIF(Input!$D$5:$D$531,C13,Input!$T$5:$T$531) -> 800000 | G13: =E13+F13 -> 800000 | H13: =G13*11% -> 88000 | I13: =G13*1% -> 8000 | J13: =G13+H13+I13 -> 896000 | M13: =+G13*40% -> 320000
B14: 11 | C14: =C13+1 -> 46153 | D14: Senin | E14: =SUMIF(Input!$D$5:$D$531,C14,Input!$R$5:$R$531) -> 0 | F14: =SUMIF(Input!$D$5:$D$531,C14,Input!$T$5:$T$531) -> 1275000 | G14: =E14+F14 -> 1275000 | H14: =G14*11% -> 140250 | I14: =G14*1% -> 12750 | J14: =G14+H14+I14 -> 1428000 | M14: =+G14*40% -> 510000
B15: 12 | C15: =C14+1 -> 46154 | D15: Selasa | E15: =SUMIF(Input!$D$5:$D$531,C15,Input!$R$5:$R$531) -> 0 | F15: =SUMIF(Input!$D$5:$D$531,C15,Input!$T$5:$T$531) -> 725000 | G15: =E15+F15 -> 725000 | H15: =G15*11% -> 79750 | I15: =G15*1% -> 7250 | J15: =G15+H15+I15 -> 812000 | M15: =+G15*40% -> 290000
B16: 13 | C16: =C15+1 -> 46155 | D16: Rabu | E16: =SUMIF(Input!$D$5:$D$531,C16,Input!$R$5:$R$531) -> 0 | F16: =SUMIF(Input!$D$5:$D$531,C16,Input!$T$5:$T$531) -> 385000 | G16: =E16+F16 -> 385000 | H16: =G16*11% -> 42350 | I16: =G16*1% -> 3850 | J16: =G16+H16+I16 -> 431200 | M16: =+G16*40% -> 154000
... B34: 31 | C34: =C33+1 -> 46173 | D34: Minggu | E34: =SUMIF(Input!$D$5:$D$531,C34,Input!$R$5:$R$531) -> 0 | F34: =SUMIF(Input!$D$5:$D$531,C34,Input!$T$5:$T$531) -> 492000 | G34: =E34+F34 -> 492000 | H34: =G34*11% -> 54120 | I34: =G34*1% -> 4920 | J34: =G34+H34+I34 -> 551040 | M34: =+G34*40% -> 196800
C36: JUMLAH | E36: =SUM(E4:E35) -> 0 | F36: =SUM(F4:F35) -> 15550000 | G36: =SUM(G4:G35) -> 15550000 | H36: =SUM(H4:H35) -> 1710500 | I36: =SUM(I4:I35) -> 155500 | J36: =SUM(J4:J35) -> 17416000 | M36: =SUM(M4:M35) -> 6220000
F39: PB1 | G39: =G36*40% -> 6220000

Sheet Input
C2: 1 | D2: =C2+1 -> 2 | E2: =D2+1 -> 3 | F2: =E2+1 -> 4 | G2: =F2+1 -> 5 | H2: =G2+1 -> 6 | I2: =H2+1 -> 7 | J2: =I2+1 -> 8 | K2: =J2+1 -> 9 | ... U2: =T2+1 -> 19 | V2: =T2+1 -> 19 | W2: =V2+1 -> 20 | X2: =W2+1 -> 21 | Y2: =X2+1 -> 22 | Z2: =Y2+1 -> 23 | AA2: =Z2+1 -> 24 | AB2: =AA2+1 -> 25 | AC2: =AB2+1 -> 26 | AD2: =AC2+1 -> 27 | ... CD2: =CC2+1 -> 79
D3: TANGGAL | E3: PENANGGALAN | H3: BILL | J3: HARI | K3: NAMA | L3: JENIS | M3: HARGA/2 JAM | N3: JAM NORMAL | P3: KELEBIHAN JAM | R3: JUMLAH ROOM | S3: MAKAN/MINUM | U3: TOTAL BILL | W3: MAKANAN | AQ3: MINUMAN | BK3: ROKOK
E4: TANGGAL | F4: BULAN | G4: TAHUN | H4: NOMOR | I4: TANGGAL | N4: QTY | O4: JUMLAH | P4: QTY | Q4: JUMLAH | S4: QTY | T4: JMLH | V4: 1 | W4: NOMOR | X4: NAMA | Y4: QTY | Z4: @ | AA4: JMLH | AB4: NOMOR | AC4: NAMA | AD4: QTY | AE4: @ | AF4: JMLH | AG4: NOMOR | AH4: NAMA | AI4: QTY | AJ4: @ | AK4: JMLH | AL4: NOMOR | AM4: NAMA | AN4: QTY | AO4: @ | AP4: JMLH | AQ4: NOMOR | AR4: NAMA | AS4: QTY | AT4: @ | AU4: JMLH | AV4: NOMOR | AW4: NAMA | AX4: QTY | AY4: @ | AZ4: JMLH | BA4: NOMOR | BB4: NAMA | BC4: QTY | BD4: @ | BE4: JMLH | BF4: NOMOR | BG4: NAMA | BH4: QTY | BI4: @ | BJ4: JMLH | BK4: NOMOR | BL4: NAMA | BM4: QTY | BN4: @ | BO4: JMLH | BP4: NOMOR | BQ4: NAMA | BR4: QTY | BS4: @ | BT4: JMLH | BU4: NOMOR | BV4: NAMA | BW4: QTY | BX4: @ | BY4: JMLH | BZ4: NOMOR | CA4: NAMA | CB4: QTY | CC4: @ | CD4: JMLH
A5: =CONCATENATE(F5,"-",E5,"-20",G5) -> 05-'01-2026 | B5: 1 | C5: 1 | D5: 46143 | E5: '01 | F5: 05 | G5: 26 | H5: =CONCATENATE("RJ","-",E5,F5,G5,"-",B5) -> RJ-'010526-1 | I5: =CONCATENATE(E5,"-",F5,"-20",G5) -> '01-05-2026 | J5: =VLOOKUP(D5,Laporan!$C$4:$D$34,2,0) -> Jumat | L5: Bar | M5: =SUMIF('DATABASE Room'!$B$3:$B$7,L5,'DATABASE Room'!$D$3:$D$7) -> 0 | N5: 1 | O5: =N5*M5 -> 0 | Q5: =P5*M5 -> 0 | R5: =O5+Q5 -> 0 | S5: =SUMIF($W$4:$CD$4,$S$4,W5:CD5) -> 5 | T5: =SUMIF($W$4:$CD$4,$T$4,W5:CD5) -> 145000 | U5: =R5+T5 -> 145000 | W5: 42 | X5: =VLOOKUP(W5,'DATABASE F&B'!$C$3:$F$216,2,0) -> SOJU JINRO ORI | Y5: 1 | Z5: =VLOOKUP(W5,'DATABASE F&B'!$C$3:$F$216,4,0) -> 145000 | AA5: =Y5*Z5 -> 145000 | AC5: =VLOOKUP(AB5,'DATABASE F&B'!$C$3:$F$216,2,0) -> 0 | AD5: 1 | AE5: =VLOOKUP(AB5,'DATABASE F&B'!$C$3:$F$216,4,0) -> 0 | AF5: =AD5*AE5 -> 0 | AH5: =VLOOKUP(AG5,'DATABASE F&B'!$C$3:$F$216,2,0) -> 0 | AI5: 1 | AJ5: =VLOOKUP(AG5,'DATABASE F&B'!$C$3:$F$216,4,0) -> 0 | AK5: =AI5*AJ5 -> 0 | AM5: =VLOOKUP(AL5,'DATABASE F&B'!$C$3:$F$216,2,0) -> 0 | AN5: 1 | AO5: =VLOOKUP(AL5,'DATABASE F&B'!$C$3:$F$216,4,0) -> 0 | AP5: =AN5*AO5 -> 0 | AR5: =VLOOKUP(AQ5,'DATABASE F&B'!$C$3:$F$216,2,0) -> 0 | AS5: 1 | AT5: =VLOOKUP(AQ5,'DATABASE F&B'!$C$3:$F$216,4,0) -> 0 | AU5: =AS5*AT5 -> 0 | AW5: =VLOOKUP(AV5,'DATABASE F&B'!$C$3:$F$216,2,0) -> 0 | AY5: =VLOOKUP(AV5,'DATABASE F&B'!$C$3:$F$216,4,0) -> 0 | AZ5: =AX5*AY5 -> 0 | BB5: =VLOOKUP(BA5,'DATABASE F&B'!$C$3:$F$216,2,0) -> 0 | BD5: =VLOOKUP(BA5,'DATABASE F&B'!$C$3:$F$216,4,0) -> 0 | BE5: =BC5*BD5 -> 0 | BG5: =VLOOKUP(BF5,'DATABASE F&B'!$C$3:$F$216,2,0) -> 0 | BI5: =VLOOKUP(BF5,'DATABASE F&B'!$C$3:$F$216,4,0) -> 0 | BJ5: =BH5*BI5 -> 0 | BL5: =VLOOKUP(BK5,'DATABASE F&B'!$C$3:$F$210,2,0) -> 0 | BN5: =VLOOKUP(BK5,'DATABASE F&B'!$C$3:$F$210,4,0) -> 0 | BO5: =BM5*BN5 -> 0 | BQ5: =VLOOKUP(BP5,'DATABASE F&B'!$C$3:$F$210,2,0) -> 0 | BS5: =VLOOKUP(BP5,'DATABASE F&B'!$C$3:$F$210,4,0) -> 0 | BT5: =BR5*BS5 -> 0 | BV5: =VLOOKUP(BU5,'DATABASE F&B'!$C$3:$F$210,2,0) -> 0 | BX5: =VLOOKUP(BU5,'DATABASE F&B'!$C$3:$F$210,4,0) -> 0 | BY5: =BW5*BX5 -> 0 | CA5: =VLOOKUP(BZ5,'DATABASE F&B'!$C$3:$F$210,2,0) -> 0 | CC5: =VLOOKUP(BZ5,'DATABASE F&B'!$C$3:$F$210,4,0) -> 0 | CD5: =CB5*CC5 -> 0
A6: =CONCATENATE(F6,"-",E6,"-20",G6) -> 05-'01-2026 | B6: =B5+1 -> 2 | C6: =C5+1 -> 2 | D6: 46143 | E6: '01 | F6: 05 | G6: 26 | H6: =CONCATENATE("RJ","-",E6,F6,G6,"-",B6) -> RJ-'010526-2 | I6: =CONCATENATE(E6,"-",F6,"-20",G6) -> '01-05-2026 | J6: =VLOOKUP(D6,Laporan!$C$4:$D$34,2,0) -> Jumat | L6: Bar | M6: =SUMIF('DATABASE Room'!$B$3:$B$7,L6,'DATABASE Room'!$D$3:$D$7) -> 0 | N6: 1 | O6: =N6*M6 -> 0 | Q6: =P6*M6 -> 0 | R6: =O6+Q6 -> 0 | S6: =SUMIF($W$4:$CD$4,$S$4,W6:CD6) -> 5 | T6: =SUMIF($W$4:$CD$4,$T$4,W6:CD6) -> 107000 | U6: =R6+T6 -> 107000 | W6: 95 | X6: =VLOOKUP(W6,'DATABASE F&B'!$C$3:$F$216,2,0) -> MARLBORO RED | Y6: 1 | Z6: =VLOOKUP(W6,'DATABASE F&B'!$C$3:$F$216,4,0) -> 75000 | AA6: =Y6*Z6 -> 75000 | AB6: 20 | AC6: =VLOOKUP(AB6,'DATABASE F&B'!$C$3:$F$216,2,0) -> NASI SAPI ASAP DABU MATAH | AD6: 1 | AE6: =VLOOKUP(AB6,'DATABASE F&B'!$C$3:$F$216,4,0) -> 32000 | AF6: =AD6*AE6 -> 32000 | AH6: =VLOOKUP(AG6,'DATABASE F&B'!$C$3:$F$216,2,0) -> 0 | AI6: 1 | AJ6: =VLOOKUP(AG6,'DATABASE F&B'!$C$3:$F$216,4,0) -> 0 | AK6: =AI6*AJ6 -> 0 | AM6: =VLOOKUP(AL6,'DATABASE F&B'!$C$3:$F$216,2,0) -> 0 | AN6: 1 | AO6: =VLOOKUP(AL6,'DATABASE F&B'!$C$3:$F$216,4,0) -> 0 | AP6: =AN6*AO6 -> 0 | AR6: =VLOOKUP(AQ6,'DATABASE F&B'!$C$3:$F$216,2,0) -> 0 | AS6: 1 | AT6: =VLOOKUP(AQ6,'DATABASE F&B'!$C$3:$F$216,4,0) -> 0 | AU6: =AS6*AT6 -> 0 | AW6: =VLOOKUP(AV6,'DATABASE F&B'!$C$3:$F$216,2,0) -> 0 | AY6: =VLOOKUP(AV6,'DATABASE F&B'!$C$3:$F$216,4,0) -> 0 | AZ6: =AX6*AY6 -> 0 | BB6: =VLOOKUP(BA6,'DATABASE F&B'!$C$3:$F$216,2,0) -> 0 | BD6: =VLOOKUP(BA6,'DATABASE F&B'!$C$3:$F$216,4,0) -> 0 | BE6: =BC6*BD6 -> 0 | BG6: =VLOOKUP(BF6,'DATABASE F&B'!$C$3:$F$216,2,0) -> 0 | BI6: =VLOOKUP(BF6,'DATABASE F&B'!$C$3:$F$216,4,0) -> 0 | BJ6: =BH6*BI6 -> 0 | BL6: =VLOOKUP(BK6,'DATABASE F&B'!$C$3:$F$210,2,0) -> 0 | BN6: =VLOOKUP(BK6,'DATABASE F&B'!$C$3:$F$210,4,0) -> 0 | BO6: =BM6*BN6 -> 0 | BQ6: =VLOOKUP(BP6,'DATABASE F&B'!$C$3:$F$210,2,0) -> 0 | BS6: =VLOOKUP(BP6,'DATABASE F&B'!$C$3:$F$210,4,0) -> 0 | BT6: =BR6*BS6 -> 0 | BV6: =VLOOKUP(BU6,'DATABASE F&B'!$C$3:$F$210,2,0) -> 0 | BX6: =VLOOKUP(BU6,'DATABASE F&B'!$C$3:$F$210,4,0) -> 0 | BY6: =BW6*BX6 -> 0 | CA6: =VLOOKUP(BZ6,'DATABASE F&B'!$C$3:$F$210,2,0) -> 0 | CC6: =VLOOKUP(BZ6,'DATABASE F&B'!$C$3:$F$210,4,0) -> 0 | CD6: =CB6*CC6 -> 0
A7: =CONCATENATE(F7,"-",E7,"-20",G7) -> 05-'01-2026 | B7: =B6+1 -> 3 | C7: =C6+1 -> 3 | D7: 46143 | E7: '01 | F7: 05 | G7: 26 | H7: =CONCATENATE("RJ","-",E7,F7,G7,"-",B7) -> RJ-'010526-3 | I7: =CONCATENATE(E7,"-",F7,"-20",G7) -> '01-05-2026 | J7: =VLOOKUP(D7,Laporan!$C$4:$D$34,2,0) -> Jumat | L7: Bar | M7: =SUMIF('DATABASE Room'!$B$3:$B$7,L7,'DATABASE Room'!$D$3:$D$7) -> 0 | N7: 1 | O7: =N7*M7 -> 0 | Q7: =P7*M7 -> 0 | R7: =O7+Q7 -> 0 | S7: =SUMIF($W$4:$CD$4,$S$4,W7:CD7) -> 5 | T7: =SUMIF($W$4:$CD$4,$T$4,W7:CD7) -> 28000 | U7: =R7+T7 -> 28000 | W7: 15 | X7: =VLOOKUP(W7,'DATABASE F&B'!$C$3:$F$216,2,0) -> CHICKEN SKIN | Y7: 1 | Z7: =VLOOKUP(W7,'DATABASE F&B'!$C$3:$F$216,4,0) -> 28000 | AA7: =Y7*Z7 -> 28000 | AC7: =VLOOKUP(AB7,'DATABASE F&B'!$C$3:$F$216,2,0) -> 0 | AD7: 1 | AE7: =VLOOKUP(AB7,'DATABASE F&B'!$C$3:$F$216,4,0) -> 0 | AF7: =AD7*AE7 -> 0 | AH7: =VLOOKUP(AG7,'DATABASE F&B'!$C$3:$F$216,2,0) -> 0 | AI7: 1 | AJ7: =VLOOKUP(AG7,'DATABASE F&B'!$C$3:$F$216,4,0) -> 0 | AK7: =AI7*AJ7 -> 0 | AM7: =VLOOKUP(AL7,'DATABASE F&B'!$C$3:$F$216,2,0) -> 0 | AN7: 1 | AO7: =VLOOKUP(AL7,'DATABASE F&B'!$C$3:$F$216,4,0) -> 0 | AP7: =AN7*AO7 -> 0 | AR7: =VLOOKUP(AQ7,'DATABASE F&B'!$C$3:$F$216,2,0) -> 0 | AS7: 1 | AT7: =VLOOKUP(AQ7,'DATABASE F&B'!$C$3:$F$216,4,0) -> 0 | AU7: =AS7*AT7 -> 0 | AW7: =VLOOKUP(AV7,'DATABASE F&B'!$C$3:$F$216,2,0) -> 0 | AY7: =VLOOKUP(AV7,'DATABASE F&B'!$C$3:$F$216,4,0) -> 0 | AZ7: =AX7*AY7 -> 0 | BB7: =VLOOKUP(BA7,'DATABASE F&B'!$C$3:$F$216,2,0) -> 0 | BD7: =VLOOKUP(BA7,'DATABASE F&B'!$C$3:$F$216,4,0) -> 0 | BE7: =BC7*BD7 -> 0 | BG7: =VLOOKUP(BF7,'DATABASE F&B'!$C$3:$F$216,2,0) -> 0 | BI7: =VLOOKUP(BF7,'DATABASE F&B'!$C$3:$F$216,4,0) -> 0 | BJ7: =BH7*BI7 -> 0 | BL7: =VLOOKUP(BK7,'DATABASE F&B'!$C$3:$F$210,2,0) -> 0 | BN7: =VLOOKUP(BK7,'DATABASE F&B'!$C$3:$F$210,4,0) -> 0 | BO7: =BM7*BN7 -> 0 | BQ7: =VLOOKUP(BP7,'DATABASE F&B'!$C$3:$F$210,2,0) -> 0 | BS7: =VLOOKUP(BP7,'DATABASE F&B'!$C$3:$F$210,4,0) -> 0 | BT7: =BR7*BS7 -> 0 | BV7: =VLOOKUP(BU7,'DATABASE F&B'!$C$3:$F$210,2,0) -> 0 | BX7: =VLOOKUP(BU7,'DATABASE F&B'!$C$3:$F$210,4,0) -> 0 | BY7: =BW7*BX7 -> 0 | CA7: =VLOOKUP(BZ7,'DATABASE F&B'!$C$3:$F$210,2,0) -> 0 | CC7: =VLOOKUP(BZ7,'DATABASE F&B'!$C$3:$F$210,4,0) -> 0 | CD7: =CB7*CC7 -> 0
A8: =CONCATENATE(F8,"-",E8,"-20",G8) -> 05-'01-2026 | B8: =B7+1 -> 4 | C8: =C7+1 -> 4 | D8: 46143 | E8: '01 | F8: 05 | G8: 26 | H8: =CONCATENATE("RJ","-",E8,F8,G8,"-",B8) -> RJ-'010526-4 | I8: =CONCATENATE(E8,"-",F8,"-20",G8) -> '01-05-2026 | J8: =VLOOKUP(D8,Laporan!$C$4:$D$34,2,0) -> Jumat | L8: Bar | M8: =SUMIF('DATABASE Room'!$B$3:$B$7,L8,'DATABASE Room'!$D$3:$D$7) -> 0 | N8: 1 | O8: =N8*M8 -> 0 | Q8: =P8*M8 -> 0 | R8: =O8+Q8 -> 0 | S8: =SUMIF($W$4:$CD$4,$S$4,W8:CD8) -> 5 | T8: =SUMIF($W$4:$CD$4,$T$4,W8:CD8) -> 36000 | U8: =R8+T8 -> 36000 | W8: 16 | X8: =VLOOKUP(W8,'DATABASE F&B'!$C$3:$F$216,2,0) -> CRISPY CHICKEN WINGS | Y8: 1 | Z8: =VLOOKUP(W8,'DATABASE F&B'!$C$3:$F$216,4,0) -> 36000 | AA8: =Y8*Z8 -> 36000 | AC8: =VLOOKUP(AB8,'DATABASE F&B'!$C$3:$F$216,2,0) -> 0 | AD8: 1 | AE8: =VLOOKUP(AB8,'DATABASE F&B'!$C$3:$F$216,4,0) -> 0 | AF8: =AD8*AE8 -> 0 | AH8: =VLOOKUP(AG8,'DATABASE F&B'!$C$3:$F$216,2,0) -> 0 | AI8: 1 | AJ8: =VLOOKUP(AG8,'DATABASE F&B'!$C$3:$F$216,4,0) -> 0 | AK8: =AI8*AJ8 -> 0 | AM8: =VLOOKUP(AL8,'DATABASE F&B'!$C$3:$F$216,2,0) -> 0 | AN8: 1 | AO8: =VLOOKUP(AL8,'DATABASE F&B'!$C$3:$F$216,4,0) -> 0 | AP8: =AN8*AO8 -> 0 | AR8: =VLOOKUP(AQ8,'DATABASE F&B'!$C$3:$F$216,2,0) -> 0 | AS8: 1 | AT8: =VLOOKUP(AQ8,'DATABASE F&B'!$C$3:$F$216,4,0) -> 0 | AU8: =AS8*AT8 -> 0 | AW8: =VLOOKUP(AV8,'DATABASE F&B'!$C$3:$F$216,2,0) -> 0 | AY8: =VLOOKUP(AV8,'DATABASE F&B'!$C$3:$F$216,4,0) -> 0 | AZ8: =AX8*AY8 -> 0 | BB8: =VLOOKUP(BA8,'DATABASE F&B'!$C$3:$F$216,2,0) -> 0 | BD8: =VLOOKUP(BA8,'DATABASE F&B'!$C$3:$F$216,4,0) -> 0 | BE8: =BC8*BD8 -> 0 | BG8: =VLOOKUP(BF8,'DATABASE F&B'!$C$3:$F$216,2,0) -> 0 | BI8: =VLOOKUP(BF8,'DATABASE F&B'!$C$3:$F$216,4,0) -> 0 | BJ8: =BH8*BI8 -> 0 | BL8: =VLOOKUP(BK8,'DATABASE F&B'!$C$3:$F$210,2,0) -> 0 | BN8: =VLOOKUP(BK8,'DATABASE F&B'!$C$3:$F$210,4,0) -> 0 | BO8: =BM8*BN8 -> 0 | BQ8: =VLOOKUP(BP8,'DATABASE F&B'!$C$3:$F$210,2,0) -> 0 | BS8: =VLOOKUP(BP8,'DATABASE F&B'!$C$3:$F$210,4,0) -> 0 | BT8: =BR8*BS8 -> 0 | BV8: =VLOOKUP(BU8,'DATABASE F&B'!$C$3:$F$210,2,0) -> 0 | BX8: =VLOOKUP(BU8,'DATABASE F&B'!$C$3:$F$210,4,0) -> 0 | BY8: =BW8*BX8 -> 0 | CA8: =VLOOKUP(BZ8,'DATABASE F&B'!$C$3:$F$210,2,0) -> 0 | CC8: =VLOOKUP(BZ8,'DATABASE F&B'!$C$3:$F$210,4,0) -> 0 | CD8: =CB8*CC8 -> 0
A9: =CONCATENATE(F9,"-",E9,"-20",G9) -> 05-'01-2026 | B9: =B8+1 -> 5 | C9: =C8+1 -> 5 | D9: 46143 | E9: '01 | F9: 05 | G9: 26 | H9: =CONCATENATE("RJ","-",E9,F9,G9,"-",B9) -> RJ-'010526-5 | I9: =CONCATENATE(E9,"-",F9,"-20",G9) -> '01-05-2026 | J9: =VLOOKUP(D9,Laporan!$C$4:$D$34,2,0) -> Jumat | L9: Bar | M9: =SUMIF('DATABASE Room'!$B$3:$B$7,L9,'DATABASE Room'!$D$3:$D$7) -> 0 | N9: 1 | O9: =N9*M9 -> 0 | Q9: =P9*M9 -> 0 | R9: =O9+Q9 -> 0 | S9: =SUMIF($W$4:$CD$4,$S$4,W9:CD9) -> 5 | T9: =SUMIF($W$4:$CD$4,$T$4,W9:CD9) -> 36000 | U9: =R9+T9 -> 36000 | W9: 17 | X9: =VLOOKUP(W9,'DATABASE F&B'!$C$3:$F$216,2,0) -> CIRENG | Y9: 1 | Z9: =VLOOKUP(W9,'DATABASE F&B'!$C$3:$F$216,4,0) -> 36000 | AA9: =Y9*Z9 -> 36000 | AC9: =VLOOKUP(AB9,'DATABASE F&B'!$C$3:$F$216,2,0) -> 0 | AD9: 1 | AE9: =VLOOKUP(AB9,'DATABASE F&B'!$C$3:$F$216,4,0) -> 0 | AF9: =AD9*AE9 -> 0 | AH9: =VLOOKUP(AG9,'DATABASE F&B'!$C$3:$F$216,2,0) -> 0 | AI9: 1 | AJ9: =VLOOKUP(AG9,'DATABASE F&B'!$C$3:$F$216,4,0) -> 0 | AK9: =AI9*AJ9 -> 0 | AM9: =VLOOKUP(AL9,'DATABASE F&B'!$C$3:$F$216,2,0) -> 0 | AN9: 1 | AO9: =VLOOKUP(AL9,'DATABASE F&B'!$C$3:$F$216,4,0) -> 0 | AP9: =AN9*AO9 -> 0 | AR9: =VLOOKUP(AQ9,'DATABASE F&B'!$C$3:$F$216,2,0) -> 0 | AS9: 1 | AT9: =VLOOKUP(AQ9,'DATABASE F&B'!$C$3:$F$216,4,0) -> 0 | AU9: =AS9*AT9 -> 0 | AW9: =VLOOKUP(AV9,'DATABASE F&B'!$C$3:$F$216,2,0) -> 0 | AY9: =VLOOKUP(AV9,'DATABASE F&B'!$C$3:$F$216,4,0) -> 0 | AZ9: =AX9*AY9 -> 0 | BB9: =VLOOKUP(BA9,'DATABASE F&B'!$C$3:$F$216,2,0) -> 0 | BD9: =VLOOKUP(BA9,'DATABASE F&B'!$C$3:$F$216,4,0) -> 0 | BE9: =BC9*BD9 -> 0 | BG9: =VLOOKUP(BF9,'DATABASE F&B'!$C$3:$F$216,2,0) -> 0 | BI9: =VLOOKUP(BF9,'DATABASE F&B'!$C$3:$F$216,4,0) -> 0 | BJ9: =BH9*BI9 -> 0 | BL9: =VLOOKUP(BK9,'DATABASE F&B'!$C$3:$F$210,2,0) -> 0 | BN9: =VLOOKUP(BK9,'DATABASE F&B'!$C$3:$F$210,4,0) -> 0 | BO9: =BM9*BN9 -> 0 | BQ9: =VLOOKUP(BP9,'DATABASE F&B'!$C$3:$F$210,2,0) -> 0 | BS9: =VLOOKUP(BP9,'DATABASE F&B'!$C$3:$F$210,4,0) -> 0 | BT9: =BR9*BS9 -> 0 | BV9: =VLOOKUP(BU9,'DATABASE F&B'!$C$3:$F$210,2,0) -> 0 | BX9: =VLOOKUP(BU9,'DATABASE F&B'!$C$3:$F$210,4,0) -> 0 | BY9: =BW9*BX9 -> 0 | CA9: =VLOOKUP(BZ9,'DATABASE F&B'!$C$3:$F$210,2,0) -> 0 | CC9: =VLOOKUP(BZ9,'DATABASE F&B'!$C$3:$F$210,4,0) -> 0 | CD9: =CB9*CC9 -> 0
A10: =CONCATENATE(F10,"-",E10,"-20",G10) -> 05-'01-2026 | B10: =B9+1 -> 6 | C10: =C9+1 -> 6 | D10: 46143 | E10: '01 | F10: 05 | G10: 26 | H10: =CONCATENATE("RJ","-",E10,F10,G10,"-",B10) -> RJ-'010526-6 | I10: =CONCATENATE(E10,"-",F10,"-20",G10) -> '01-05-2026 | J10: =VLOOKUP(D10,Laporan!$C$4:$D$34,2,0) -> Jumat | L10: Bar | M10: =SUMIF('DATABASE Room'!$B$3:$B$7,L10,'DATABASE Room'!$D$3:$D$7) -> 0 | N10: 1 | O10: =N10*M10 -> 0 | Q10: =P10*M10 -> 0 | R10: =O10+Q10 -> 0 | S10: =SUMIF($W$4:$CD$4,$S$4,W10:CD10) -> 5 | T10: =SUMIF($W$4:$CD$4,$T$4,W10:CD10) -> 145000 | U10: =R10+T10 -> 145000 | W10: 43 | X10: =VLOOKUP(W10,'DATABASE F&B'!$C$3:$F$216,2,0) -> SOJU JINRO GREENGRAPE | Y10: 1 | Z10: =VLOOKUP(W10,'DATABASE F&B'!$C$3:$F$216,4,0) -> 145000 | AA10: =Y10*Z10 -> 145000 | AC10: =VLOOKUP(AB10,'DATABASE F&B'!$C$3:$F$216,2,0) -> 0 | AD10: 1 | AE10: =VLOOKUP(AB10,'DATABASE F&B'!$C$3:$F$216,4,0) -> 0 | AF10: =AD10*AE10 -> 0 | AH10: =VLOOKUP(AG10,'DATABASE F&B'!$C$3:$F$216,2,0) -> 0 | AI10: 1 | AJ10: =VLOOKUP(AG10,'DATABASE F&B'!$C$3:$F$216,4,0) -> 0 | AK10: =AI10*AJ10 -> 0 | AM10: =VLOOKUP(AL10,'DATABASE F&B'!$C$3:$F$216,2,0) -> 0 | AN10: 1 | AO10: =VLOOKUP(AL10,'DATABASE F&B'!$C$3:$F$216,4,0) -> 0 | AP10: =AN10*AO10 -> 0 | AR10: =VLOOKUP(AQ10,'DATABASE F&B'!$C$3:$F$216,2,0) -> 0 | AS10: 1 | AT10: =VLOOKUP(AQ10,'DATABASE F&B'!$C$3:$F$216,4,0) -> 0 | AU10: =AS10*AT10 -> 0 | AW10: =VLOOKUP(AV10,'DATABASE F&B'!$C$3:$F$216,2,0) -> 0 | AY10: =VLOOKUP(AV10,'DATABASE F&B'!$C$3:$F$216,4,0) -> 0 | AZ10: =AX10*AY10 -> 0 | BB10: =VLOOKUP(BA10,'DATABASE F&B'!$C$3:$F$216,2,0) -> 0 | BD10: =VLOOKUP(BA10,'DATABASE F&B'!$C$3:$F$216,4,0) -> 0 | BE10: =BC10*BD10 -> 0 | BG10: =VLOOKUP(BF10,'DATABASE F&B'!$C$3:$F$216,2,0) -> 0 | BI10: =VLOOKUP(BF10,'DATABASE F&B'!$C$3:$F$216,4,0) -> 0 | BJ10: =BH10*BI10 -> 0 | BL10: =VLOOKUP(BK10,'DATABASE F&B'!$C$3:$F$210,2,0) -> 0 | BN10: =VLOOKUP(BK10,'DATABASE F&B'!$C$3:$F$210,4,0) -> 0 | BO10: =BM10*BN10 -> 0 | BQ10: =VLOOKUP(BP10,'DATABASE F&B'!$C$3:$F$210,2,0) -> 0 | BS10: =VLOOKUP(BP10,'DATABASE F&B'!$C$3:$F$210,4,0) -> 0 | BT10: =BR10*BS10 -> 0 | BV10: =VLOOKUP(BU10,'DATABASE F&B'!$C$3:$F$210,2,0) -> 0 | BX10: =VLOOKUP(BU10,'DATABASE F&B'!$C$3:$F$210,4,0) -> 0 | BY10: =BW10*BX10 -> 0 | CA10: =VLOOKUP(BZ10,'DATABASE F&B'!$C$3:$F$210,2,0) -> 0 | CC10: =VLOOKUP(BZ10,'DATABASE F&B'!$C$3:$F$210,4,0) -> 0 | CD10: =CB10*CC10 -> 0
A11: =CONCATENATE(F11,"-",E11,"-20",G11) -> 05-'02-2026 | B11: =B10+1 -> 7 | C11: =C10+1 -> 7 | D11: 46144 | E11: '02 | F11: 05 | G11: 26 | H11: =CONCATENATE("RJ","-",E11,F11,G11,"-",B11) -> RJ-'020526-7 | I11: =CONCATENATE(E11,"-",F11,"-20",G11) -> '02-05-2026 | J11: =VLOOKUP(D11,Laporan!$C$4:$D$34,2,0) -> Sabtu | L11: Bar | M11: =SUMIF('DATABASE Room'!$B$3:$B$7,L11,'DATABASE Room'!$D$3:$D$7) -> 0 | N11: 1 | O11: =N11*M11 -> 0 | Q11: =P11*M11 -> 0 | R11: =O11+Q11 -> 0 | S11: =SUMIF($W$4:$CD$4,$S$4,W11:CD11) -> 5 | T11: =SUMIF($W$4:$CD$4,$T$4,W11:CD11) -> 145000 | U11: =R11+T11 -> 145000 | W11: 42 | X11: =VLOOKUP(W11,'DATABASE F&B'!$C$3:$F$216,2,0) -> SOJU JINRO ORI | Y11: 1 | Z11: =VLOOKUP(W11,'DATABASE F&B'!$C$3:$F$216,4,0) -> 145000 | AA11: =Y11*Z11 -> 145000 | AC11: =VLOOKUP(AB11,'DATABASE F&B'!$C$3:$F$216,2,0) -> 0 | AD11: 1 | AE11: =VLOOKUP(AB11,'DATABASE F&B'!$C$3:$F$216,4,0) -> 0 | AF11: =AD11*AE11 -> 0 | AH11: =VLOOKUP(AG11,'DATABASE F&B'!$C$3:$F$216,2,0) -> 0 | AI11: 1 | AJ11: =VLOOKUP(AG11,'DATABASE F&B'!$C$3:$F$216,4,0) -> 0 | AK11: =AI11*AJ11 -> 0 | AM11: =VLOOKUP(AL11,'DATABASE F&B'!$C$3:$F$216,2,0) -> 0 | AN11: 1 | AO11: =VLOOKUP(AL11,'DATABASE F&B'!$C$3:$F$216,4,0) -> 0 | AP11: =AN11*AO11 -> 0 | AR11: =VLOOKUP(AQ11,'DATABASE F&B'!$C$3:$F$216,2,0) -> 0 | AS11: 1 | AT11: =VLOOKUP(AQ11,'DATABASE F&B'!$C$3:$F$216,4,0) -> 0 | AU11: =AS11*AT11 -> 0 | AW11: =VLOOKUP(AV11,'DATABASE F&B'!$C$3:$F$216,2,0) -> 0 | AY11: =VLOOKUP(AV11,'DATABASE F&B'!$C$3:$F$216,4,0) -> 0 | AZ11: =AX11*AY11 -> 0 | BB11: =VLOOKUP(BA11,'DATABASE F&B'!$C$3:$F$216,2,0) -> 0 | BD11: =VLOOKUP(BA11,'DATABASE F&B'!$C$3:$F$216,4,0) -> 0 | BE11: =BC11*BD11 -> 0 | BG11: =VLOOKUP(BF11,'DATABASE F&B'!$C$3:$F$216,2,0) -> 0 | BI11: =VLOOKUP(BF11,'DATABASE F&B'!$C$3:$F$216,4,0) -> 0 | BJ11: =BH11*BI11 -> 0 | BL11: =VLOOKUP(BK11,'DATABASE F&B'!$C$3:$F$210,2,0) -> 0 | BN11: =VLOOKUP(BK11,'DATABASE F&B'!$C$3:$F$210,4,0) -> 0 | BO11: =BM11*BN11 -> 0 | BQ11: =VLOOKUP(BP11,'DATABASE F&B'!$C$3:$F$210,2,0) -> 0 | BS11: =VLOOKUP(BP11,'DATABASE F&B'!$C$3:$F$210,4,0) -> 0 | BT11: =BR11*BS11 -> 0 | BV11: =VLOOKUP(BU11,'DATABASE F&B'!$C$3:$F$210,2,0) -> 0 | BX11: =VLOOKUP(BU11,'DATABASE F&B'!$C$3:$F$210,4,0) -> 0 | BY11: =BW11*BX11 -> 0 | CA11: =VLOOKUP(BZ11,'DATABASE F&B'!$C$3:$F$210,2,0) -> 0 | CC11: =VLOOKUP(BZ11,'DATABASE F&B'!$C$3:$F$210,4,0) -> 0 | CD11: =CB11*CC11 -> 0
A12: =CONCATENATE(F12,"-",E12,"-20",G12) -> 05-'02-2026 | B12: =B11+1 -> 8 | C12: =C11+1 -> 8 | D12: 46144 | E12: '02 | F12: 05 | G12: 26 | H12: =CONCATENATE("RJ","-",E12,F12,G12,"-",B12) -> RJ-'020526-8 | I12: =CONCATENATE(E12,"-",F12,"-20",G12) -> '02-05-2026 | J12: =VLOOKUP(D12,Laporan!$C$4:$D$34,2,0) -> Sabtu | L12: Bar | M12: =SUMIF('DATABASE Room'!$B$3:$B$7,L12,'DATABASE Room'!$D$3:$D$7) -> 0 | N12: 1 | O12: =N12*M12 -> 0 | Q12: =P12*M12 -> 0 | R12: =O12+Q12 -> 0 | S12: =SUMIF($W$4:$CD$4,$S$4,W12:CD12) -> 5 | T12: =SUMIF($W$4:$CD$4,$T$4,W12:CD12) -> 200000 | U12: =R12+T12 -> 200000 | W12: 44 | X12: =VLOOKUP(W12,'DATABASE F&B'!$C$3:$F$216,2,0) -> SOJU JINRO PEACH | Y12: 1 | Z12: =VLOOKUP(W12,'DATABASE F&B'!$C$3:$F$216,4,0) -> 145000 | AA12: =Y12*Z12 -> 145000 | AB12: 99 | AC12: =VLOOKUP(AB12,'DATABASE F&B'!$C$3:$F$216,2,0) -> SAMPOERNA MENTOL | AD12: 1 | AE12: =VLOOKUP(AB12,'DATABASE F&B'!$C$3:$F$216,4,0) -> 55000 | AF12: =AD12*AE12 -> 55000 | AH12: =VLOOKUP(AG12,'DATABASE F&B'!$C$3:$F$216,2,0) -> 0 | AI12: 1 | AJ12: =VLOOKUP(AG12,'DATABASE F&B'!$C$3:$F$216,4,0) -> 0 | AK12: =AI12*AJ12 -> 0 | AM12: =VLOOKUP(AL12,'DATABASE F&B'!$C$3:$F$216,2,0) -> 0 | AN12: 1 | AO12: =VLOOKUP(AL12,'DATABASE F&B'!$C$3:$F$216,4,0) -> 0 | AP12: =AN12*AO12 -> 0 | AR12: =VLOOKUP(AQ12,'DATABASE F&B'!$C$3:$F$216,2,0) -> 0 | AS12: 1 | AT12: =VLOOKUP(AQ12,'DATABASE F&B'!$C$3:$F$216,4,0) -> 0 | AU12: =AS12*AT12 -> 0 | AW12: =VLOOKUP(AV12,'DATABASE F&B'!$C$3:$F$216,2,0) -> 0 | AY12: =VLOOKUP(AV12,'DATABASE F&B'!$C$3:$F$216,4,0) -> 0 | AZ12: =AX12*AY12 -> 0 | BB12: =VLOOKUP(BA12,'DATABASE F&B'!$C$3:$F$216,2,0) -> 0 | BD12: =VLOOKUP(BA12,'DATABASE F&B'!$C$3:$F$216,4,0) -> 0 | BE12: =BC12*BD12 -> 0 | BG12: =VLOOKUP(BF12,'DATABASE F&B'!$C$3:$F$216,2,0) -> 0 | BI12: =VLOOKUP(BF12,'DATABASE F&B'!$C$3:$F$216,4,0) -> 0 | BJ12: =BH12*BI12 -> 0 | BL12: =VLOOKUP(BK12,'DATABASE F&B'!$C$3:$F$210,2,0) -> 0 | BN12: =VLOOKUP(BK12,'DATABASE F&B'!$C$3:$F$210,4,0) -> 0 | BO12: =BM12*BN12 -> 0 | BQ12: =VLOOKUP(BP12,'DATABASE F&B'!$C$3:$F$210,2,0) -> 0 | BS12: =VLOOKUP(BP12,'DATABASE F&B'!$C$3:$F$210,4,0) -> 0 | BT12: =BR12*BS12 -> 0 | BV12: =VLOOKUP(BU12,'DATABASE F&B'!$C$3:$F$210,2,0) -> 0 | BX12: =VLOOKUP(BU12,'DATABASE F&B'!$C$3:$F$210,4,0) -> 0 | BY12: =BW12*BX12 -> 0 | CA12: =VLOOKUP(BZ12,'DATABASE F&B'!$C$3:$F$210,2,0) -> 0 | CC12: =VLOOKUP(BZ12,'DATABASE F&B'!$C$3:$F$210,4,0) -> 0 | CD12: =CB12*CC12 -> 0
A13: =CONCATENATE(F13,"-",E13,"-20",G13) -> 05-'02-2026 | B13: =B12+1 -> 9 | C13: =C12+1 -> 9 | D13: 46144 | E13: '02 | F13: 05 | G13: 26 | H13: =CONCATENATE("RJ","-",E13,F13,G13,"-",B13) -> RJ-'020526-9 | I13: =CONCATENATE(E13,"-",F13,"-20",G13) -> '02-05-2026 | J13: =VLOOKUP(D13,Laporan!$C$4:$D$34,2,0) -> Sabtu | L13: Bar | M13: =SUMIF('DATABASE Room'!$B$3:$B$7,L13,'DATABASE Room'!$D$3:$D$7) -> 0 | N13: 1 | O13: =N13*M13 -> 0 | Q13: =P13*M13 -> 0 | R13: =O13+Q13 -> 0 | S13: =SUMIF($W$4:$CD$4,$S$4,W13:CD13) -> 5 | T13: =SUMIF($W$4:$CD$4,$T$4,W13:CD13) -> 825000 | U13: =R13+T13 -> 825000 | W13: 119 | X13: =VLOOKUP(W13,'DATABASE F&B'!$C$3:$F$216,2,0) -> JACK DANIELS NO 7 | Y13: 1 | Z13: =VLOOKUP(W13,'DATABASE F&B'!$C$3:$F$216,4,0) -> 825000 | AA13: =Y13*Z13 -> 825000 | AC13: =VLOOKUP(AB13,'DATABASE F&B'!$C$3:$F$216,2,0) -> 0 | AD13: 1 | AE13: =VLOOKUP(AB13,'DATABASE F&B'!$C$3:$F$216,4,0) -> 0 | AF13: =AD13*AE13 -> 0 | AH13: =VLOOKUP(AG13,'DATABASE F&B'!$C$3:$F$216,2,0) -> 0 | AI13: 1 | AJ13: =VLOOKUP(AG13,'DATABASE F&B'!$C$3:$F$216,4,0) -> 0 | AK13: =AI13*AJ13 -> 0 | AM13: =VLOOKUP(AL13,'DATABASE F&B'!$C$3:$F$216,2,0) -> 0 | AN13: 1 | AO13: =VLOOKUP(AL13,'DATABASE F&B'!$C$3:$F$216,4,0) -> 0 | AP13: =AN13*AO13 -> 0 | AR13: =VLOOKUP(AQ13,'DATABASE F&B'!$C$3:$F$216,2,0) -> 0 | AS13: 1 | AT13: =VLOOKUP(AQ13,'DATABASE F&B'!$C$3:$F$216,4,0) -> 0 | AU13: =AS13*AT13 -> 0 | AW13: =VLOOKUP(AV13,'DATABASE F&B'!$C$3:$F$216,2,0) -> 0 | AY13: =VLOOKUP(AV13,'DATABASE F&B'!$C$3:$F$216,4,0) -> 0 | AZ13: =AX13*AY13 -> 0 | BB13: =VLOOKUP(BA13,'DATABASE F&B'!$C$3:$F$216,2,0) -> 0 | BD13: =VLOOKUP(BA13,'DATABASE F&B'!$C$3:$F$216,4,0) -> 0 | BE13: =BC13*BD13 -> 0 | BG13: =VLOOKUP(BF13,'DATABASE F&B'!$C$3:$F$216,2,0) -> 0 | BI13: =VLOOKUP(BF13,'DATABASE F&B'!$C$3:$F$216,4,0) -> 0 | BJ13: =BH13*BI13 -> 0 | BL13: =VLOOKUP(BK13,'DATABASE F&B'!$C$3:$F$210,2,0) -> 0 | BN13: =VLOOKUP(BK13,'DATABASE F&B'!$C$3:$F$210,4,0) -> 0 | BO13: =BM13*BN13 -> 0 | BQ13: =VLOOKUP(BP13,'DATABASE F&B'!$C$3:$F$210,2,0) -> 0 | BS13: =VLOOKUP(BP13,'DATABASE F&B'!$C$3:$F$210,4,0) -> 0 | BT13: =BR13*BS13 -> 0 | BV13: =VLOOKUP(BU13,'DATABASE F&B'!$C$3:$F$210,2,0) -> 0 | BX13: =VLOOKUP(BU13,'DATABASE F&B'!$C$3:$F$210,4,0) -> 0 | BY13: =BW13*BX13 -> 0 | CA13: =VLOOKUP(BZ13,'DATABASE F&B'!$C$3:$F$210,2,0) -> 0 | CC13: =VLOOKUP(BZ13,'DATABASE F&B'!$C$3:$F$210,4,0) -> 0 | CD13: =CB13*CC13 -> 0
A14: =CONCATENATE(F14,"-",E14,"-20",G14) -> 05-'02-2026 | B14: =B13+1 -> 10 | C14: =C13+1 -> 10 | D14: 46144 | E14: '02 | F14: 05 | G14: 26 | H14: =CONCATENATE("RJ","-",E14,F14,G14,"-",B14) -> RJ-'020526-10 | I14: =CONCATENATE(E14,"-",F14,"-20",G14) -> '02-05-2026 | J14: =VLOOKUP(D14,Laporan!$C$4:$D$34,2,0) -> Sabtu | L14: Bar | M14: =SUMIF('DATABASE Room'!$B$3:$B$7,L14,'DATABASE Room'!$D$3:$D$7) -> 0 | N14: 1 | O14: =N14*M14 -> 0 | Q14: =P14*M14 -> 0 | R14: =O14+Q14 -> 0 | S14: =SUMIF($W$4:$CD$4,$S$4,W14:CD14) -> 5 | T14: =SUMIF($W$4:$CD$4,$T$4,W14:CD14) -> 32000 | U14: =R14+T14 -> 32000 | W14: 22 | X14: =VLOOKUP(W14,'DATABASE F&B'!$C$3:$F$216,2,0) -> PERI PERI CHICKEN RICE | Y14: 1 | Z14: =VLOOKUP(W14,'DATABASE F&B'!$C$3:$F$216,4,0) -> 32000 | AA14: =Y14*Z14 -> 32000 | AC14: =VLOOKUP(AB14,'DATABASE F&B'!$C$3:$F$216,2,0) -> 0 | AD14: 1 | AE14: =VLOOKUP(AB14,'DATABASE F&B'!$C$3:$F$216,4,0) -> 0 | AF14: =AD14*AE14 -> 0 | AH14: =VLOOKUP(AG14,'DATABASE F&B'!$C$3:$F$216,2,0) -> 0 | AI14: 1 | AJ14: =VLOOKUP(AG14,'DATABASE F&B'!$C$3:$F$216,4,0) -> 0 | AK14: =AI14*AJ14 -> 0 | AM14: =VLOOKUP(AL14,'DATABASE F&B'!$C$3:$F$216,2,0) -> 0 | AN14: 1 | AO14: =VLOOKUP(AL14,'DATABASE F&B'!$C$3:$F$216,4,0) -> 0 | AP14: =AN14*AO14 -> 0 | AR14: =VLOOKUP(AQ14,'DATABASE F&B'!$C$3:$F$216,2,0) -> 0 | AS14: 1 | AT14: =VLOOKUP(AQ14,'DATABASE F&B'!$C$3:$F$216,4,0) -> 0 | AU14: =AS14*AT14 -> 0 | AW14: =VLOOKUP(AV14,'DATABASE F&B'!$C$3:$F$216,2,0) -> 0 | AY14: =VLOOKUP(AV14,'DATABASE F&B'!$C$3:$F$216,4,0) -> 0 | AZ14: =AX14*AY14 -> 0 | BB14: =VLOOKUP(BA14,'DATABASE F&B'!$C$3:$F$216,2,0) -> 0 | BD14: =VLOOKUP(BA14,'DATABASE F&B'!$C$3:$F$216,4,0) -> 0 | BE14: =BC14*BD14 -> 0 | BG14: =VLOOKUP(BF14,'DATABASE F&B'!$C$3:$F$216,2,0) -> 0 | BI14: =VLOOKUP(BF14,'DATABASE F&B'!$C$3:$F$216,4,0) -> 0 | BJ14: =BH14*BI14 -> 0 | BL14: =VLOOKUP(BK14,'DATABASE F&B'!$C$3:$F$210,2,0) -> 0 | BN14: =VLOOKUP(BK14,'DATABASE F&B'!$C$3:$F$210,4,0) -> 0 | BO14: =BM14*BN14 -> 0 | BQ14: =VLOOKUP(BP14,'DATABASE F&B'!$C$3:$F$210,2,0) -> 0 | BS14: =VLOOKUP(BP14,'DATABASE F&B'!$C$3:$F$210,4,0) -> 0 | BT14: =BR14*BS14 -> 0 | BV14: =VLOOKUP(BU14,'DATABASE F&B'!$C$3:$F$210,2,0) -> 0 | BX14: =VLOOKUP(BU14,'DATABASE F&B'!$C$3:$F$210,4,0) -> 0 | BY14: =BW14*BX14 -> 0 | CA14: =VLOOKUP(BZ14,'DATABASE F&B'!$C$3:$F$210,2,0) -> 0 | CC14: =VLOOKUP(BZ14,'DATABASE F&B'!$C$3:$F$210,4,0) -> 0 | CD14: =CB14*CC14 -> 0
A15: =CONCATENATE(F15,"-",E15,"-20",G15) -> 05-'02-2026 | B15: =B14+1 -> 11 | C15: =C14+1 -> 11 | D15: 46144 | E15: '02 | F15: 05 | G15: 26 | H15: =CONCATENATE("RJ","-",E15,F15,G15,"-",B15) -> RJ-'020526-11 | I15: =CONCATENATE(E15,"-",F15,"-20",G15) -> '02-05-2026 | J15: =VLOOKUP(D15,Laporan!$C$4:$D$34,2,0) -> Sabtu | L15: Bar | M15: =SUMIF('DATABASE Room'!$B$3:$B$7,L15,'DATABASE Room'!$D$3:$D$7) -> 0 | N15: 1 | O15: =N15*M15 -> 0 | Q15: =P15*M15 -> 0 | R15: =O15+Q15 -> 0 | S15: =SUMIF($W$4:$CD$4,$S$4,W15:CD15) -> 5 | T15: =SUMIF($W$4:$CD$4,$T$4,W15:CD15) -> 32000 | U15: =R15+T15 -> 32000 | W15: 23 | X15: =VLOOKUP(W15,'DATABASE F&B'!$C$3:$F$216,2,0) -> NASI GORENG TUNA SAMBAL IJO | Y15: 1 | Z15: =VLOOKUP(W15,'DATABASE F&B'!$C$3:$F$216,4,0) -> 32000 | AA15: =Y15*Z15 -> 32000 | AC15: =VLOOKUP(AB15,'DATABASE F&B'!$C$3:$F$216,2,0) -> 0 | AD15: 1 | AE15: =VLOOKUP(AB15,'DATABASE F&B'!$C$3:$F$216,4,0) -> 0 | AF15: =AD15*AE15 -> 0 | AH15: =VLOOKUP(AG15,'DATABASE F&B'!$C$3:$F$216,2,0) -> 0 | AI15: 1 | AJ15: =VLOOKUP(AG15,'DATABASE F&B'!$C$3:$F$216,4,0) -> 0 | AK15: =AI15*AJ15 -> 0 | AM15: =VLOOKUP(AL15,'DATABASE F&B'!$C$3:$F$216,2,0) -> 0 | AN15: 1 | AO15: =VLOOKUP(AL15,'DATABASE F&B'!$C$3:$F$216,4,0) -> 0 | AP15: =AN15*AO15 -> 0 | AR15: =VLOOKUP(AQ15,'DATABASE F&B'!$C$3:$F$216,2,0) -> 0 | AS15: 1 | AT15: =VLOOKUP(AQ15,'DATABASE F&B'!$C$3:$F$216,4,0) -> 0 | AU15: =AS15*AT15 -> 0 | AW15: =VLOOKUP(AV15,'DATABASE F&B'!$C$3:$F$216,2,0) -> 0 | AY15: =VLOOKUP(AV15,'DATABASE F&B'!$C$3:$F$216,4,0) -> 0 | AZ15: =AX15*AY15 -> 0 | BB15: =VLOOKUP(BA15,'DATABASE F&B'!$C$3:$F$216,2,0) -> 0 | BD15: =VLOOKUP(BA15,'DATABASE F&B'!$C$3:$F$216,4,0) -> 0 | BE15: =BC15*BD15 -> 0 | BG15: =VLOOKUP(BF15,'DATABASE F&B'!$C$3:$F$216,2,0) -> 0 | BI15: =VLOOKUP(BF15,'DATABASE F&B'!$C$3:$F$216,4,0) -> 0 | BJ15: =BH15*BI15 -> 0 | BL15: =VLOOKUP(BK15,'DATABASE F&B'!$C$3:$F$210,2,0) -> 0 | BN15: =VLOOKUP(BK15,'DATABASE F&B'!$C$3:$F$210,4,0) -> 0 | BO15: =BM15*BN15 -> 0 | BQ15: =VLOOKUP(BP15,'DATABASE F&B'!$C$3:$F$210,2,0) -> 0 | BS15: =VLOOKUP(BP15,'DATABASE F&B'!$C$3:$F$210,4,0) -> 0 | BT15: =BR15*BS15 -> 0 | BV15: =VLOOKUP(BU15,'DATABASE F&B'!$C$3:$F$210,2,0) -> 0 | BX15: =VLOOKUP(BU15,'DATABASE F&B'!$C$3:$F$210,4,0) -> 0 | BY15: =BW15*BX15 -> 0 | CA15: =VLOOKUP(BZ15,'DATABASE F&B'!$C$3:$F$210,2,0) -> 0 | CC15: =VLOOKUP(BZ15,'DATABASE F&B'!$C$3:$F$210,4,0) -> 0 | CD15: =CB15*CC15 -> 0
A16: =CONCATENATE(F16,"-",E16,"-20",G16) -> 05-'02-2026 | B16: =B15+1 -> 12 | C16: =C15+1 -> 12 | D16: 46144 | E16: '02 | F16: 05 | G16: 26 | H16: =CONCATENATE("RJ","-",E16,F16,G16,"-",B16) -> RJ-'020526-12 | I16: =CONCATENATE(E16,"-",F16,"-20",G16) -> '02-05-2026 | J16: =VLOOKUP(D16,Laporan!$C$4:$D$34,2,0) -> Sabtu | L16: Bar | M16: =SUMIF('DATABASE Room'!$B$3:$B$7,L16,'DATABASE Room'!$D$3:$D$7) -> 0 | N16: 1 | O16: =N16*M16 -> 0 | Q16: =P16*M16 -> 0 | R16: =O16+Q16 -> 0 | S16: =SUMIF($W$4:$CD$4,$S$4,W16:CD16) -> 5 | T16: =SUMIF($W$4:$CD$4,$T$4,W16:CD16) -> 57000 | U16: =R16+T16 -> 57000 | W16: 24 | X16: =VLOOKUP(W16,'DATABASE F&B'!$C$3:$F$216,2,0) -> KATSU OMURICE | Y16: 1 | Z16: =VLOOKUP(W16,'DATABASE F&B'!$C$3:$F$216,4,0) -> 35000 | AA16: =Y16*Z16 -> 35000 | AB16: 8 | AC16: =VLOOKUP(AB16,'DATABASE F&B'!$C$3:$F$216,2,0) -> MACARONI PEDES | AD16: 1 | AE16: =VLOOKUP(AB16,'DATABASE F&B'!$C$3:$F$216,4,0) -> 22000 | AF16: =AD16*AE16 -> 22000 | AH16: =VLOOKUP(AG16,'DATABASE F&B'!$C$3:$F$216,2,0) -> 0 | AI16: 1 | AJ16: =VLOOKUP(AG16,'DATABASE F&B'!$C$3:$F$216,4,0) -> 0 | AK16: =AI16*AJ16 -> 0 | AM16: =VLOOKUP(AL16,'DATABASE F&B'!$C$3:$F$216,2,0) -> 0 | AN16: 1 | AO16: =VLOOKUP(AL16,'DATABASE F&B'!$C$3:$F$216,4,0) -> 0 | AP16: =AN16*AO16 -> 0 | AR16: =VLOOKUP(AQ16,'DATABASE F&B'!$C$3:$F$216,2,0) -> 0 | AS16: 1 | AT16: =VLOOKUP(AQ16,'DATABASE F&B'!$C$3:$F$216,4,0) -> 0 | AU16: =AS16*AT16 -> 0 | AW16: =VLOOKUP(AV16,'DATABASE F&B'!$C$3:$F$216,2,0) -> 0 | AY16: =VLOOKUP(AV16,'DATABASE F&B'!$C$3:$F$216,4,0) -> 0 | AZ16: =AX16*AY16 -> 0 | BB16: =VLOOKUP(BA16,'DATABASE F&B'!$C$3:$F$216,2,0) -> 0 | BD16: =VLOOKUP(BA16,'DATABASE F&B'!$C$3:$F$216,4,0) -> 0 | BE16: =BC16*BD16 -> 0 | BG16: =VLOOKUP(BF16,'DATABASE F&B'!$C$3:$F$216,2,0) -> 0 | BI16: =VLOOKUP(BF16,'DATABASE F&B'!$C$3:$F$216,4,0) -> 0 | BJ16: =BH16*BI16 -> 0 | BL16: =VLOOKUP(BK16,'DATABASE F&B'!$C$3:$F$210,2,0) -> 0 | BN16: =VLOOKUP(BK16,'DATABASE F&B'!$C$3:$F$210,4,0) -> 0 | BO16: =BM16*BN16 -> 0 | BQ16: =VLOOKUP(BP16,'DATABASE F&B'!$C$3:$F$210,2,0) -> 0 | BS16: =VLOOKUP(BP16,'DATABASE F&B'!$C$3:$F$210,4,0) -> 0 | BT16: =BR16*BS16 -> 0 | BV16: =VLOOKUP(BU16,'DATABASE F&B'!$C$3:$F$210,2,0) -> 0 | BX16: =VLOOKUP(BU16,'DATABASE F&B'!$C$3:$F$210,4,0) -> 0 | BY16: =BW16*BX16 -> 0 | CA16: =VLOOKUP(BZ16,'DATABASE F&B'!$C$3:$F$210,2,0) -> 0 | CC16: =VLOOKUP(BZ16,'DATABASE F&B'!$C$3:$F$210,4,0) -> 0 | CD16: =CB16*CC16 -> 0
A17: =CONCATENATE(F17,"-",E17,"-20",G17) -> 05-'02-2026 | B17: =B16+1 -> 13 | C17: =C16+1 -> 13 | D17: 46144 | E17: '02 | F17: 05 | G17: 26 | H17: =CONCATENATE("RJ","-",E17,F17,G17,"-",B17) -> RJ-'020526-13 | I17: =CONCATENATE(E17,"-",F17,"-20",G17) -> '02-05-2026 | J17: =VLOOKUP(D17,Laporan!$C$4:$D$34,2,0) -> Sabtu | L17: Bar | M17: =SUMIF('DATABASE Room'!$B$3:$B$7,L17,'DATABASE Room'!$D$3:$D$7) -> 0 | N17: 1 | O17: =N17*M17 -> 0 | Q17: =P17*M17 -> 0 | R17: =O17+Q17 -> 0 | S17: =SUMIF($W$4:$CD$4,$S$4,W17:CD17) -> 5 | T17: =SUMIF($W$4:$CD$4,$T$4,W17:CD17) -> 8000 | U17: =R17+T17 -> 8000 | W17: 45 | X17: =VLOOKUP(W17,'DATABASE F&B'!$C$3:$F$216,2,0) -> LE MINERAL 330ML | Y17: 1 | Z17: =VLOOKUP(W17,'DATABASE F&B'!$C$3:$F$216,4,0) -> 8000 | AA17: =Y17*Z17 -> 8000 | AC17: =VLOOKUP(AB17,'DATABASE F&B'!$C$3:$F$216,2,0) -> 0 | AD17: 1 | AE17: =VLOOKUP(AB17,'DATABASE F&B'!$C$3:$F$216,4,0) -> 0 | AF17: =AD17*AE17 -> 0 | AH17: =VLOOKUP(AG17,'DATABASE F&B'!$C$3:$F$216,2,0) -> 0 | AI17: 1 | AJ17: =VLOOKUP(AG17,'DATABASE F&B'!$C$3:$F$216,4,0) -> 0 | AK17: =AI17*AJ17 -> 0 | AM17: =VLOOKUP(AL17,'DATABASE F&B'!$C$3:$F$216,2,0) -> 0 | AN17: 1 | AO17: =VLOOKUP(AL17,'DATABASE F&B'!$C$3:$F$216,4,0) -> 0 | AP17: =AN17*AO17 -> 0 | AR17: =VLOOKUP(AQ17,'DATABASE F&B'!$C$3:$F$216,2,0) -> 0 | AS17: 1 | AT17: =VLOOKUP(AQ17,'DATABASE F&B'!$C$3:$F$216,4,0) -> 0 | AU17: =AS17*AT17 -> 0 | AW17: =VLOOKUP(AV17,'DATABASE F&B'!$C$3:$F$216,2,0) -> 0 | AY17: =VLOOKUP(AV17,'DATABASE F&B'!$C$3:$F$216,4,0) -> 0 | AZ17: =AX17*AY17 -> 0 | BB17: =VLOOKUP(BA17,'DATABASE F&B'!$C$3:$F$216,2,0) -> 0 | BD17: =VLOOKUP(BA17,'DATABASE F&B'!$C$3:$F$216,4,0) -> 0 | BE17: =BC17*BD17 -> 0 | BG17: =VLOOKUP(BF17,'DATABASE F&B'!$C$3:$F$216,2,0) -> 0 | BI17: =VLOOKUP(BF17,'DATABASE F&B'!$C$3:$F$216,4,0) -> 0 | BJ17: =BH17*BI17 -> 0 | BL17: =VLOOKUP(BK17,'DATABASE F&B'!$C$3:$F$210,2,0) -> 0 | BN17: =VLOOKUP(BK17,'DATABASE F&B'!$C$3:$F$210,4,0) -> 0 | BO17: =BM17*BN17 -> 0 | BQ17: =VLOOKUP(BP17,'DATABASE F&B'!$C$3:$F$210,2,0) -> 0 | BS17: =VLOOKUP(BP17,'DATABASE F&B'!$C$3:$F$210,4,0) -> 0 | BT17: =BR17*BS17 -> 0 | BV17: =VLOOKUP(BU17,'DATABASE F&B'!$C$3:$F$210,2,0) -> 0 | BX17: =VLOOKUP(BU17,'DATABASE F&B'!$C$3:$F$210,4,0) -> 0 | BY17: =BW17*BX17 -> 0 | CA17: =VLOOKUP(BZ17,'DATABASE F&B'!$C$3:$F$210,2,0) -> 0 | CC17: =VLOOKUP(BZ17,'DATABASE F&B'!$C$3:$F$210,4,0) -> 0 | CD17: =CB17*CC17 -> 0
A18: =CONCATENATE(F18,"-",E18,"-20",G18) -> 05-'03-2026 | B18: =B17+1 -> 14 | C18: =C17+1 -> 14 | D18: 46145 | E18: '03 | F18: 05 | G18: 26 | H18: =CONCATENATE("RJ","-",E18,F18,G18,"-",B18) -> RJ-'030526-14 | I18: =CONCATENATE(E18,"-",F18,"-20",G18) -> '03-05-2026 | J18: =VLOOKUP(D18,Laporan!$C$4:$D$34,2,0) -> Minggu | L18: Bar | M18: =SUMIF('DATABASE Room'!$B$3:$B$7,L18,'DATABASE Room'!$D$3:$D$7) -> 0 | N18: 1 | O18: =N18*M18 -> 0 | Q18: =P18*M18 -> 0 | R18: =O18+Q18 -> 0 | S18: =SUMIF($W$4:$CD$4,$S$4,W18:CD18) -> 5 | T18: =SUMIF($W$4:$CD$4,$T$4,W18:CD18) -> 15000 | U18: =R18+T18 -> 15000 | W18: 46 | X18: =VLOOKUP(W18,'DATABASE F&B'!$C$3:$F$216,2,0) -> TEH PUCUK HARUM 350ML | Y18: 1 | Z18: =VLOOKUP(W18,'DATABASE F&B'!$C$3:$F$216,4,0) -> 15000 | AA18: =Y18*Z18 -> 15000 | AC18: =VLOOKUP(AB18,'DATABASE F&B'!$C$3:$F$216,2,0) -> 0 | AD18: 1 | AE18: =VLOOKUP(AB18,'DATABASE F&B'!$C$3:$F$216,4,0) -> 0 | AF18: =AD18*AE18 -> 0 | AH18: =VLOOKUP(AG18,'DATABASE F&B'!$C$3:$F$216,2,0) -> 0 | AI18: 1 | AJ18: =VLOOKUP(AG18,'DATABASE F&B'!$C$3:$F$216,4,0) -> 0 | AK18: =AI18*AJ18 -> 0 | AM18: =VLOOKUP(AL18,'DATABASE F&B'!$C$3:$F$216,2,0) -> 0 | AN18: 1 | AO18: =VLOOKUP(AL18,'DATABASE F&B'!$C$3:$F$216,4,0) -> 0 | AP18: =AN18*AO18 -> 0 | AR18: =VLOOKUP(AQ18,'DATABASE F&B'!$C$3:$F$216,2,0) -> 0 | AS18: 1 | AT18: =VLOOKUP(AQ18,'DATABASE F&B'!$C$3:$F$216,4,0) -> 0 | AU18: =AS18*AT18 -> 0 | AW18: =VLOOKUP(AV18,'DATABASE F&B'!$C$3:$F$216,2,0) -> 0 | AY18: =VLOOKUP(AV18,'DATABASE F&B'!$C$3:$F$216,4,0) -> 0 | AZ18: =AX18*AY18 -> 0 | BB18: =VLOOKUP(BA18,'DATABASE F&B'!$C$3:$F$216,2,0) -> 0 | BD18: =VLOOKUP(BA18,'DATABASE F&B'!$C$3:$F$216,4,0) -> 0 | BE18: =BC18*BD18 -> 0 | BG18: =VLOOKUP(BF18,'DATABASE F&B'!$C$3:$F$216,2,0) -> 0 | BI18: =VLOOKUP(BF18,'DATABASE F&B'!$C$3:$F$216,4,0) -> 0 | BJ18: =BH18*BI18 -> 0 | BL18: =VLOOKUP(BK18,'DATABASE F&B'!$C$3:$F$210,2,0) -> 0 | BN18: =VLOOKUP(BK18,'DATABASE F&B'!$C$3:$F$210,4,0) -> 0 | BO18: =BM18*BN18 -> 0 | BQ18: =VLOOKUP(BP18,'DATABASE F&B'!$C$3:$F$210,2,0) -> 0 | BS18: =VLOOKUP(BP18,'DATABASE F&B'!$C$3:$F$210,4,0) -> 0 | BT18: =BR18*BS18 -> 0 | BV18: =VLOOKUP(BU18,'DATABASE F&B'!$C$3:$F$210,2,0) -> 0 | BX18: =VLOOKUP(BU18,'DATABASE F&B'!$C$3:$F$210,4,0) -> 0 | BY18: =BW18*BX18 -> 0 | CA18: =VLOOKUP(BZ18,'DATABASE F&B'!$C$3:$F$210,2,0) -> 0 | CC18: =VLOOKUP(BZ18,'DATABASE F&B'!$C$3:$F$210,4,0) -> 0 | CD18: =CB18*CC18 -> 0
A19: =CONCATENATE(F19,"-",E19,"-20",G19) -> 05-'03-2026 | B19: =B18+1 -> 15 | C19: =C18+1 -> 15 | D19: 46145 | E19: '03 | F19: 05 | G19: 26 | H19: =CONCATENATE("RJ","-",E19,F19,G19,"-",B19) -> RJ-'030526-15 | I19: =CONCATENATE(E19,"-",F19,"-20",G19) -> '03-05-2026 | J19: =VLOOKUP(D19,Laporan!$C$4:$D$34,2,0) -> Minggu | L19: Bar | M19: =SUMIF('DATABASE Room'!$B$3:$B$7,L19,'DATABASE Room'!$D$3:$D$7) -> 0 | N19: 1 | O19: =N19*M19 -> 0 | Q19: =P19*M19 -> 0 | R19: =O19+Q19 -> 0 | S19: =SUMIF($W$4:$CD$4,$S$4,W19:CD19) -> 5 | T19: =SUMIF($W$4:$CD$4,$T$4,W19:CD19) -> 41000 | U19: =R19+T19 -> 41000 | W19: 27 | X19: =VLOOKUP(W19,'DATABASE F&B'!$C$3:$F$216,2,0) -> KWETIEW SIRAM SAPI JAHE | Y19: 1 | Z19: =VLOOKUP(W19,'DATABASE F&B'!$C$3:$F$216,4,0) -> 41000 | AA19: =Y19*Z19 -> 41000 | AC19: =VLOOKUP(AB19,'DATABASE F&B'!$C$3:$F$216,2,0) -> 0 | AD19: 1 | AE19: =VLOOKUP(AB19,'DATABASE F&B'!$C$3:$F$216,4,0) -> 0 | AF19: =AD19*AE19 -> 0 | AH19: =VLOOKUP(AG19,'DATABASE F&B'!$C$3:$F$216,2,0) -> 0 | AI19: 1 | AJ19: =VLOOKUP(AG19,'DATABASE F&B'!$C$3:$F$216,4,0) -> 0 | AK19: =AI19*AJ19 -> 0 | AM19: =VLOOKUP(AL19,'DATABASE F&B'!$C$3:$F$216,2,0) -> 0 | AN19: 1 | AO19: =VLOOKUP(AL19,'DATABASE F&B'!$C$3:$F$216,4,0) -> 0 | AP19: =AN19*AO19 -> 0 | AR19: =VLOOKUP(AQ19,'DATABASE F&B'!$C$3:$F$216,2,0) -> 0 | AS19: 1 | AT19: =VLOOKUP(AQ19,'DATABASE F&B'!$C$3:$F$216,4,0) -> 0 | AU19: =AS19*AT19 -> 0 | AW19: =VLOOKUP(AV19,'DATABASE F&B'!$C$3:$F$216,2,0) -> 0 | AY19: =VLOOKUP(AV19,'DATABASE F&B'!$C$3:$F$216,4,0) -> 0 | AZ19: =AX19*AY19 -> 0 | BB19: =VLOOKUP(BA19,'DATABASE F&B'!$C$3:$F$216,2,0) -> 0 | BD19: =VLOOKUP(BA19,'DATABASE F&B'!$C$3:$F$216,4,0) -> 0 | BE19: =BC19*BD19 -> 0 | BG19: =VLOOKUP(BF19,'DATABASE F&B'!$C$3:$F$216,2,0) -> 0 | BI19: =VLOOKUP(BF19,'DATABASE F&B'!$C$3:$F$216,4,0) -> 0 | BJ19: =BH19*BI19 -> 0 | BL19: =VLOOKUP(BK19,'DATABASE F&B'!$C$3:$F$210,2,0) -> 0 | BN19: =VLOOKUP(BK19,'DATABASE F&B'!$C$3:$F$210,4,0) -> 0 | BO19: =BM19*BN19 -> 0 | BQ19: =VLOOKUP(BP19,'DATABASE F&B'!$C$3:$F$210,2,0) -> 0 | BS19: =VLOOKUP(BP19,'DATABASE F&B'!$C$3:$F$210,4,0) -> 0 | BT19: =BR19*BS19 -> 0 | BV19: =VLOOKUP(BU19,'DATABASE F&B'!$C$3:$F$210,2,0) -> 0 | BX19: =VLOOKUP(BU19,'DATABASE F&B'!$C$3:$F$210,4,0) -> 0 | BY19: =BW19*BX19 -> 0 | CA19: =VLOOKUP(BZ19,'DATABASE F&B'!$C$3:$F$210,2,0) -> 0 | CC19: =VLOOKUP(BZ19,'DATABASE F&B'!$C$3:$F$210,4,0) -> 0 | CD19: =CB19*CC19 -> 0
A20: =CONCATENATE(F20,"-",E20,"-20",G20) -> 05-'03-2026 | B20: =B19+1 -> 16 | C20: =C19+1 -> 16 | D20: 46145 | E20: '03 | F20: 05 | G20: 26 | H20: =CONCATENATE("RJ","-",E20,F20,G20,"-",B20) -> RJ-'030526-16 | I20: =CONCATENATE(E20,"-",F20,"-20",G20) -> '03-05-2026 | J20: =VLOOKUP(D20,Laporan!$C$4:$D$34,2,0) -> Minggu | L20: Bar | M20: =SUMIF('DATABASE Room'!$B$3:$B$7,L20,'DATABASE Room'!$D$3:$D$7) -> 0 | N20: 1 | O20: =N20*M20 -> 0 | Q20: =P20*M20 -> 0 | R20: =O20+Q20 -> 0 | S20: =SUMIF($W$4:$CD$4,$S$4,W20:CD20) -> 5 | T20: =SUMIF($W$4:$CD$4,$T$4,W20:CD20) -> 96000 | U20: =R20+T20 -> 96000 | W20: 28 | X20: =VLOOKUP(W20,'DATABASE F&B'!$C$3:$F$216,2,0) -> CHICKEN BULDAK | Y20: 1 | Z20: =VLOOKUP(W20,'DATABASE F&B'!$C$3:$F$216,4,0) -> 36000 | AA20: =Y20*Z20 -> 36000 | AB20: 75 | AC20: =VLOOKUP(AB20,'DATABASE F&B'!$C$3:$F$216,2,0) -> BEER KURA KURA EASY ALE | AD20: 1 | AE20: =VLOOKUP(AB20,'DATABASE F&B'!$C$3:$F$216,4,0) -> 60000 | AF20: =AD20*AE20 -> 60000 | AH20: =VLOOKUP(AG20,'DATABASE F&B'!$C$3:$F$216,2,0) -> 0 | AI20: 1 | AJ20: =VLOOKUP(AG20,'DATABASE F&B'!$C$3:$F$216,4,0) -> 0 | AK20: =AI20*AJ20 -> 0 | AM20: =VLOOKUP(AL20,'DATABASE F&B'!$C$3:$F$216,2,0) -> 0 | AN20: 1 | AO20: =VLOOKUP(AL20,'DATABASE F&B'!$C$3:$F$216,4,0) -> 0 | AP20: =AN20*AO20 -> 0 | AR20: =VLOOKUP(AQ20,'DATABASE F&B'!$C$3:$F$216,2,0) -> 0 | AS20: 1 | AT20: =VLOOKUP(AQ20,'DATABASE F&B'!$C$3:$F$216,4,0) -> 0 | AU20: =AS20*AT20 -> 0 | AW20: =VLOOKUP(AV20,'DATABASE F&B'!$C$3:$F$216,2,0) -> 0 | AY20: =VLOOKUP(AV20,'DATABASE F&B'!$C$3:$F$216,4,0) -> 0 | AZ20: =AX20*AY20 -> 0 | BB20: =VLOOKUP(BA20,'DATABASE F&B'!$C$3:$F$216,2,0) -> 0 | BD20: =VLOOKUP(BA20,'DATABASE F&B'!$C$3:$F$216,4,0) -> 0 | BE20: =BC20*BD20 -> 0 | BG20: =VLOOKUP(BF20,'DATABASE F&B'!$C$3:$F$216,2,0) -> 0 | BI20: =VLOOKUP(BF20,'DATABASE F&B'!$C$3:$F$216,4,0) -> 0 | BJ20: =BH20*BI20 -> 0 | BL20: =VLOOKUP(BK20,'DATABASE F&B'!$C$3:$F$210,2,0) -> 0 | BN20: =VLOOKUP(BK20,'DATABASE F&B'!$C$3:$F$210,4,0) -> 0 | BO20: =BM20*BN20 -> 0 | BQ20: =VLOOKUP(BP20,'DATABASE F&B'!$C$3:$F$210,2,0) -> 0 | BS20: =VLOOKUP(BP20,'DATABASE F&B'!$C$3:$F$210,4,0) -> 0 | BT20: =BR20*BS20 -> 0 | BV20: =VLOOKUP(BU20,'DATABASE F&B'!$C$3:$F$210,2,0) -> 0 | BX20: =VLOOKUP(BU20,'DATABASE F&B'!$C$3:$F$210,4,0) -> 0 | BY20: =BW20*BX20 -> 0 | CA20: =VLOOKUP(BZ20,'DATABASE F&B'!$C$3:$F$210,2,0) -> 0 | CC20: =VLOOKUP(BZ20,'DATABASE F&B'!$C$3:$F$210,4,0) -> 0 | CD20: =CB20*CC20 -> 0
A21: =CONCATENATE(F21,"-",E21,"-20",G21) -> 05-'03-2026 | B21: =B20+1 -> 17 | C21: =C20+1 -> 17 | D21: 46145 | E21: '03 | F21: 05 | G21: 26 | H21: =CONCATENATE("RJ","-",E21,F21,G21,"-",B21) -> RJ-'030526-17 | I21: =CONCATENATE(E21,"-",F21,"-20",G21) -> '03-05-2026 | J21: =VLOOKUP(D21,Laporan!$C$4:$D$34,2,0) -> Minggu | L21: Bar | M21: =SUMIF('DATABASE Room'!$B$3:$B$7,L21,'DATABASE Room'!$D$3:$D$7) -> 0 | N21: 1 | O21: =N21*M21 -> 0 | Q21: =P21*M21 -> 0 | R21: =O21+Q21 -> 0 | S21: =SUMIF($W$4:$CD$4,$S$4,W21:CD21) -> 5 | T21: =SUMIF($W$4:$CD$4,$T$4,W21:CD21) -> 10000 | U21: =R21+T21 -> 10000 | W21: 29 | X21: =VLOOKUP(W21,'DATABASE F&B'!$C$3:$F$216,2,0) -> STEAM RICE | Y21: 1 | Z21: =VLOOKUP(W21,'DATABASE F&B'!$C$3:$F$216,4,0) -> 10000 | AA21: =Y21*Z21 -> 10000 | AC21: =VLOOKUP(AB21,'DATABASE F&B'!$C$3:$F$216,2,0) -> 0 | AD21: 1 | AE21: =VLOOKUP(AB21,'DATABASE F&B'!$C$3:$F$216,4,0) -> 0 | AF21: =AD21*AE21 -> 0 | AH21: =VLOOKUP(AG21,'DATABASE F&B'!$C$3:$F$216,2,0) -> 0 | AI21: 1 | AJ21: =VLOOKUP(AG21,'DATABASE F&B'!$C$3:$F$216,4,0) -> 0 | AK21: =AI21*AJ21 -> 0 | AM21: =VLOOKUP(AL21,'DATABASE F&B'!$C$3:$F$216,2,0) -> 0 | AN21: 1 | AO21: =VLOOKUP(AL21,'DATABASE F&B'!$C$3:$F$216,4,0) -> 0 | AP21: =AN21*AO21 -> 0 | AR21: =VLOOKUP(AQ21,'DATABASE F&B'!$C$3:$F$216,2,0) -> 0 | AS21: 1 | AT21: =VLOOKUP(AQ21,'DATABASE F&B'!$C$3:$F$216,4,0) -> 0 | AU21: =AS21*AT21 -> 0 | AW21: =VLOOKUP(AV21,'DATABASE F&B'!$C$3:$F$216,2,0) -> 0 | AY21: =VLOOKUP(AV21,'DATABASE F&B'!$C$3:$F$216,4,0) -> 0 | AZ21: =AX21*AY21 -> 0 | BB21: =VLOOKUP(BA21,'DATABASE F&B'!$C$3:$F$216,2,0) -> 0 | BD21: =VLOOKUP(BA21,'DATABASE F&B'!$C$3:$F$216,4,0) -> 0 | BE21: =BC21*BD21 -> 0 | BG21: =VLOOKUP(BF21,'DATABASE F&B'!$C$3:$F$216,2,0) -> 0 | BI21: =VLOOKUP(BF21,'DATABASE F&B'!$C$3:$F$216,4,0) -> 0 | BJ21: =BH21*BI21 -> 0 | BL21: =VLOOKUP(BK21,'DATABASE F&B'!$C$3:$F$210,2,0) -> 0 | BN21: =VLOOKUP(BK21,'DATABASE F&B'!$C$3:$F$210,4,0) -> 0 | BO21: =BM21*BN21 -> 0 | BQ21: =VLOOKUP(BP21,'DATABASE F&B'!$C$3:$F$210,2,0) -> 0 | BS21: =VLOOKUP(BP21,'DATABASE F&B'!$C$3:$F$210,4,0) -> 0 | BT21: =BR21*BS21 -> 0 | BV21: =VLOOKUP(BU21,'DATABASE F&B'!$C$3:$F$210,2,0) -> 0 | BX21: =VLOOKUP(BU21,'DATABASE F&B'!$C$3:$F$210,4,0) -> 0 | BY21: =BW21*BX21 -> 0 | CA21: =VLOOKUP(BZ21,'DATABASE F&B'!$C$3:$F$210,2,0) -> 0 | CC21: =VLOOKUP(BZ21,'DATABASE F&B'!$C$3:$F$210,4,0) -> 0 | CD21: =CB21*CC21 -> 0
A22: =CONCATENATE(F22,"-",E22,"-20",G22) -> 05-'03-2026 | B22: =B21+1 -> 18 | C22: =C21+1 -> 18 | D22: 46145 | E22: '03 | F22: 05 | G22: 26 | H22: =CONCATENATE("RJ","-",E22,F22,G22,"-",B22) -> RJ-'030526-18 | I22: =CONCATENATE(E22,"-",F22,"-20",G22) -> '03-05-2026 | J22: =VLOOKUP(D22,Laporan!$C$4:$D$34,2,0) -> Minggu | L22: Bar | M22: =SUMIF('DATABASE Room'!$B$3:$B$7,L22,'DATABASE Room'!$D$3:$D$7) -> 0 | N22: 1 | O22: =N22*M22 -> 0 | Q22: =P22*M22 -> 0 | R22: =O22+Q22 -> 0 | S22: =SUMIF($W$4:$CD$4,$S$4,W22:CD22) -> 5 | T22: =SUMIF($W$4:$CD$4,$T$4,W22:CD22) -> 23000 | U22: =R22+T22 -> 23000 | W22: 30 | X22: =VLOOKUP(W22,'DATABASE F&B'!$C$3:$F$216,2,0) -> MENDOAN | Y22: 1 | Z22: =VLOOKUP(W22,'DATABASE F&B'!$C$3:$F$216,4,0) -> 23000 | AA22: =Y22*Z22 -> 23000 | AC22: =VLOOKUP(AB22,'DATABASE F&B'!$C$3:$F$216,2,0) -> 0 | AD22: 1 | AE22: =VLOOKUP(AB22,'DATABASE F&B'!$C$3:$F$216,4,0) -> 0 | AF22: =AD22*AE22 -> 0 | AH22: =VLOOKUP(AG22,'DATABASE F&B'!$C$3:$F$216,2,0) -> 0 | AI22: 1 | AJ22: =VLOOKUP(AG22,'DATABASE F&B'!$C$3:$F$216,4,0) -> 0 | AK22: =AI22*AJ22 -> 0 | AM22: =VLOOKUP(AL22,'DATABASE F&B'!$C$3:$F$216,2,0) -> 0 | AN22: 1 | AO22: =VLOOKUP(AL22,'DATABASE F&B'!$C$3:$F$216,4,0) -> 0 | AP22: =AN22*AO22 -> 0 | AR22: =VLOOKUP(AQ22,'DATABASE F&B'!$C$3:$F$216,2,0) -> 0 | AS22: 1 | AT22: =VLOOKUP(AQ22,'DATABASE F&B'!$C$3:$F$216,4,0) -> 0 | AU22: =AS22*AT22 -> 0 | AW22: =VLOOKUP(AV22,'DATABASE F&B'!$C$3:$F$216,2,0) -> 0 | AY22: =VLOOKUP(AV22,'DATABASE F&B'!$C$3:$F$216,4,0) -> 0 | AZ22: =AX22*AY22 -> 0 | BB22: =VLOOKUP(BA22,'DATABASE F&B'!$C$3:$F$216,2,0) -> 0 | BD22: =VLOOKUP(BA22,'DATABASE F&B'!$C$3:$F$216,4,0) -> 0 | BE22: =BC22*BD22 -> 0 | BG22: =VLOOKUP(BF22,'DATABASE F&B'!$C$3:$F$216,2,0) -> 0 | BI22: =VLOOKUP(BF22,'DATABASE F&B'!$C$3:$F$216,4,0) -> 0 | BJ22: =BH22*BI22 -> 0 | BL22: =VLOOKUP(BK22,'DATABASE F&B'!$C$3:$F$210,2,0) -> 0 | BN22: =VLOOKUP(BK22,'DATABASE F&B'!$C$3:$F$210,4,0) -> 0 | BO22: =BM22*BN22 -> 0 | BQ22: =VLOOKUP(BP22,'DATABASE F&B'!$C$3:$F$210,2,0) -> 0 | BS22: =VLOOKUP(BP22,'DATABASE F&B'!$C$3:$F$210,4,0) -> 0 | BT22: =BR22*BS22 -> 0 | BV22: =VLOOKUP(BU22,'DATABASE F&B'!$C$3:$F$210,2,0) -> 0 | BX22: =VLOOKUP(BU22,'DATABASE F&B'!$C$3:$F$210,4,0) -> 0 | BY22: =BW22*BX22 -> 0 | CA22: =VLOOKUP(BZ22,'DATABASE F&B'!$C$3:$F$210,2,0) -> 0 | CC22: =VLOOKUP(BZ22,'DATABASE F&B'!$C$3:$F$210,4,0) -> 0 | CD22: =CB22*CC22 -> 0
A23: =CONCATENATE(F23,"-",E23,"-20",G23) -> 05-'04-2026 | B23: =B22+1 -> 19 | C23: =C22+1 -> 19 | D23: 46146 | E23: '04 | F23: 05 | G23: 26 | H23: =CONCATENATE("RJ","-",E23,F23,G23,"-",B23) -> RJ-'040526-19 | I23: =CONCATENATE(E23,"-",F23,"-20",G23) -> '04-05-2026 | J23: =VLOOKUP(D23,Laporan!$C$4:$D$34,2,0) -> Senin | L23: Bar | M23: =SUMIF('DATABASE Room'!$B$3:$B$7,L23,'DATABASE Room'!$D$3:$D$7) -> 0 | N23: 1 | O23: =N23*M23 -> 0 | Q23: =P23*M23 -> 0 | R23: =O23+Q23 -> 0 | S23: =SUMIF($W$4:$CD$4,$S$4,W23:CD23) -> 5 | T23: =SUMIF($W$4:$CD$4,$T$4,W23:CD23) -> 38000 | U23: =R23+T23 -> 38000 | W23: 31 | X23: =VLOOKUP(W23,'DATABASE F&B'!$C$3:$F$216,2,0) -> NASI GORENG DAGING ASAP | Y23: 1 | Z23: =VLOOKUP(W23,'DATABASE F&B'!$C$3:$F$216,4,0) -> 38000 | AA23: =Y23*Z23 -> 38000 | AC23: =VLOOKUP(AB23,'DATABASE F&B'!$C$3:$F$216,2,0) -> 0 | AD23: 1 | AE23: =VLOOKUP(AB23,'DATABASE F&B'!$C$3:$F$216,4,0) -> 0 | AF23: =AD23*AE23 -> 0 | AH23: =VLOOKUP(AG23,'DATABASE F&B'!$C$3:$F$216,2,0) -> 0 | AI23: 1 | AJ23: =VLOOKUP(AG23,'DATABASE F&B'!$C$3:$F$216,4,0) -> 0 | AK23: =AI23*AJ23 -> 0 | AM23: =VLOOKUP(AL23,'DATABASE F&B'!$C$3:$F$216,2,0) -> 0 | AN23: 1 | AO23: =VLOOKUP(AL23,'DATABASE F&B'!$C$3:$F$216,4,0) -> 0 | AP23: =AN23*AO23 -> 0 | AR23: =VLOOKUP(AQ23,'DATABASE F&B'!$C$3:$F$216,2,0) -> 0 | AS23: 1 | AT23: =VLOOKUP(AQ23,'DATABASE F&B'!$C$3:$F$216,4,0) -> 0 | AU23: =AS23*AT23 -> 0 | AW23: =VLOOKUP(AV23,'DATABASE F&B'!$C$3:$F$216,2,0) -> 0 | AY23: =VLOOKUP(AV23,'DATABASE F&B'!$C$3:$F$216,4,0) -> 0 | AZ23: =AX23*AY23 -> 0 | BB23: =VLOOKUP(BA23,'DATABASE F&B'!$C$3:$F$216,2,0) -> 0 | BD23: =VLOOKUP(BA23,'DATABASE F&B'!$C$3:$F$216,4,0) -> 0 | BE23: =BC23*BD23 -> 0 | BG23: =VLOOKUP(BF23,'DATABASE F&B'!$C$3:$F$216,2,0) -> 0 | BI23: =VLOOKUP(BF23,'DATABASE F&B'!$C$3:$F$216,4,0) -> 0 | BJ23: =BH23*BI23 -> 0 | BL23: =VLOOKUP(BK23,'DATABASE F&B'!$C$3:$F$210,2,0) -> 0 | BN23: =VLOOKUP(BK23,'DATABASE F&B'!$C$3:$F$210,4,0) -> 0 | BO23: =BM23*BN23 -> 0 | BQ23: =VLOOKUP(BP23,'DATABASE F&B'!$C$3:$F$210,2,0) -> 0 | BS23: =VLOOKUP(BP23,'DATABASE F&B'!$C$3:$F$210,4,0) -> 0 | BT23: =BR23*BS23 -> 0 | BV23: =VLOOKUP(BU23,'DATABASE F&B'!$C$3:$F$210,2,0) -> 0 | BX23: =VLOOKUP(BU23,'DATABASE F&B'!$C$3:$F$210,4,0) -> 0 | BY23: =BW23*BX23 -> 0 | CA23: =VLOOKUP(BZ23,'DATABASE F&B'!$C$3:$F$210,2,0) -> 0 | CC23: =VLOOKUP(BZ23,'DATABASE F&B'!$C$3:$F$210,4,0) -> 0 | CD23: =CB23*CC23 -> 0
A24: =CONCATENATE(F24,"-",E24,"-20",G24) -> 05-'04-2026 | B24: =B23+1 -> 20 | C24: =C23+1 -> 20 | D24: 46146 | E24: '04 | F24: 05 | G24: 26 | H24: =CONCATENATE("RJ","-",E24,F24,G24,"-",B24) -> RJ-'040526-20 | I24: =CONCATENATE(E24,"-",F24,"-20",G24) -> '04-05-2026 | J24: =VLOOKUP(D24,Laporan!$C$4:$D$34,2,0) -> Senin | L24: Bar | M24: =SUMIF('DATABASE Room'!$B$3:$B$7,L24,'DATABASE Room'!$D$3:$D$7) -> 0 | N24: 1 | O24: =N24*M24 -> 0 | Q24: =P24*M24 -> 0 | R24: =O24+Q24 -> 0 | S24: =SUMIF($W$4:$CD$4,$S$4,W24:CD24) -> 5 | T24: =SUMIF($W$4:$CD$4,$T$4,W24:CD24) -> 565000 | U24: =R24+T24 -> 565000 | W24: 47 | X24: =VLOOKUP(W24,'DATABASE F&B'!$C$3:$F$216,2,0) -> PULPY ORANGE 300ML | Y24: 1 | Z24: =VLOOKUP(W24,'DATABASE F&B'!$C$3:$F$216,4,0) -> 15000 | AA24: =Y24*Z24 -> 15000 | AB24: 110 | AC24: =VLOOKUP(AB24,'DATABASE F&B'!$C$3:$F$216,2,0) -> JAGERMEISTER 700ML | AD24: 1 | AE24: =VLOOKUP(AB24,'DATABASE F&B'!$C$3:$F$216,4,0) -> 550000 | AF24: =AD24*AE24 -> 550000 | AH24: =VLOOKUP(AG24,'DATABASE F&B'!$C$3:$F$216,2,0) -> 0 | AI24: 1 | AJ24: =VLOOKUP(AG24,'DATABASE F&B'!$C$3:$F$216,4,0) -> 0 | AK24: =AI24*AJ24 -> 0 | AM24: =VLOOKUP(AL24,'DATABASE F&B'!$C$3:$F$216,2,0) -> 0 | AN24: 1 | AO24: =VLOOKUP(AL24,'DATABASE F&B'!$C$3:$F$216,4,0) -> 0 | AP24: =AN24*AO24 -> 0 | AR24: =VLOOKUP(AQ24,'DATABASE F&B'!$C$3:$F$216,2,0) -> 0 | AS24: 1 | AT24: =VLOOKUP(AQ24,'DATABASE F&B'!$C$3:$F$216,4,0) -> 0 | AU24: =AS24*AT24 -> 0 | AW24: =VLOOKUP(AV24,'DATABASE F&B'!$C$3:$F$216,2,0) -> 0 | AY24: =VLOOKUP(AV24,'DATABASE F&B'!$C$3:$F$216,4,0) -> 0 | AZ24: =AX24*AY24 -> 0 | BB24: =VLOOKUP(BA24,'DATABASE F&B'!$C$3:$F$216,2,0) -> 0 | BD24: =VLOOKUP(BA24,'DATABASE F&B'!$C$3:$F$216,4,0) -> 0 | BE24: =BC24*BD24 -> 0 | BG24: =VLOOKUP(BF24,'DATABASE F&B'!$C$3:$F$216,2,0) -> 0 | BI24: =VLOOKUP(BF24,'DATABASE F&B'!$C$3:$F$216,4,0) -> 0 | BJ24: =BH24*BI24 -> 0 | BL24: =VLOOKUP(BK24,'DATABASE F&B'!$C$3:$F$210,2,0) -> 0 | BN24: =VLOOKUP(BK24,'DATABASE F&B'!$C$3:$F$210,4,0) -> 0 | BO24: =BM24*BN24 -> 0 | BQ24: =VLOOKUP(BP24,'DATABASE F&B'!$C$3:$F$210,2,0) -> 0 | BS24: =VLOOKUP(BP24,'DATABASE F&B'!$C$3:$F$210,4,0) -> 0 | BT24: =BR24*BS24 -> 0 | BV24: =VLOOKUP(BU24,'DATABASE F&B'!$C$3:$F$210,2,0) -> 0 | BX24: =VLOOKUP(BU24,'DATABASE F&B'!$C$3:$F$210,4,0) -> 0 | BY24: =BW24*BX24 -> 0 | CA24: =VLOOKUP(BZ24,'DATABASE F&B'!$C$3:$F$210,2,0) -> 0 | CC24: =VLOOKUP(BZ24,'DATABASE F&B'!$C$3:$F$210,4,0) -> 0 | CD24: =CB24*CC24 -> 0
A25: =CONCATENATE(F25,"-",E25,"-20",G25) -> 05-'04-2026 | B25: =B24+1 -> 21 | C25: =C24+1 -> 21 | D25: 46146 | E25: '04 | F25: 05 | G25: 26 | H25: =CONCATENATE("RJ","-",E25,F25,G25,"-",B25) -> RJ-'040526-21 | I25: =CONCATENATE(E25,"-",F25,"-20",G25) -> '04-05-2026 | J25: =VLOOKUP(D25,Laporan!$C$4:$D$34,2,0) -> Senin | L25: Bar | M25: =SUMIF('DATABASE Room'!$B$3:$B$7,L25,'DATABASE Room'!$D$3:$D$7) -> 0 | N25: 1 | O25: =N25*M25 -> 0 | Q25: =P25*M25 -> 0 | R25: =O25+Q25 -> 0 | S25: =SUMIF($W$4:$CD$4,$S$4,W25:CD25) -> 5 | T25: =SUMIF($W$4:$CD$4,$T$4,W25:CD25) -> 8000 | U25: =R25+T25 -> 8000 | W25: 45 | X25: =VLOOKUP(W25,'DATABASE F&B'!$C$3:$F$216,2,0) -> LE MINERAL 330ML | Y25: 1 | Z25: =VLOOKUP(W25,'DATABASE F&B'!$C$3:$F$216,4,0) -> 8000 | AA25: =Y25*Z25 -> 8000 | AC25: =VLOOKUP(AB25,'DATABASE F&B'!$C$3:$F$216,2,0) -> 0 | AD25: 1 | AE25: =VLOOKUP(AB25,'DATABASE F&B'!$C$3:$F$216,4,0) -> 0 | AF25: =AD25*AE25 -> 0 | AH25: =VLOOKUP(AG25,'DATABASE F&B'!$C$3:$F$216,2,0) -> 0 | AI25: 1 | AJ25: =VLOOKUP(AG25,'DATABASE F&B'!$C$3:$F$216,4,0) -> 0 | AK25: =AI25*AJ25 -> 0 | AM25: =VLOOKUP(AL25,'DATABASE F&B'!$C$3:$F$216,2,0) -> 0 | AN25: 1 | AO25: =VLOOKUP(AL25,'DATABASE F&B'!$C$3:$F$216,4,0) -> 0 | AP25: =AN25*AO25 -> 0 | AR25: =VLOOKUP(AQ25,'DATABASE F&B'!$C$3:$F$216,2,0) -> 0 | AS25: 1 | AT25: =VLOOKUP(AQ25,'DATABASE F&B'!$C$3:$F$216,4,0) -> 0 | AU25: =AS25*AT25 -> 0 | AW25: =VLOOKUP(AV25,'DATABASE F&B'!$C$3:$F$216,2,0) -> 0 | AY25: =VLOOKUP(AV25,'DATABASE F&B'!$C$3:$F$216,4,0) -> 0 | AZ25: =AX25*AY25 -> 0 | BB25: =VLOOKUP(BA25,'DATABASE F&B'!$C$3:$F$216,2,0) -> 0 | BD25: =VLOOKUP(BA25,'DATABASE F&B'!$C$3:$F$216,4,0) -> 0 | BE25: =BC25*BD25 -> 0 | BG25: =VLOOKUP(BF25,'DATABASE F&B'!$C$3:$F$216,2,0) -> 0 | BI25: =VLOOKUP(BF25,'DATABASE F&B'!$C$3:$F$216,4,0) -> 0 | BJ25: =BH25*BI25 -> 0 | BL25: =VLOOKUP(BK25,'DATABASE F&B'!$C$3:$F$210,2,0) -> 0 | BN25: =VLOOKUP(BK25,'DATABASE F&B'!$C$3:$F$210,4,0) -> 0 | BO25: =BM25*BN25 -> 0 | BQ25: =VLOOKUP(BP25,'DATABASE F&B'!$C$3:$F$210,2,0) -> 0 | BS25: =VLOOKUP(BP25,'DATABASE F&B'!$C$3:$F$210,4,0) -> 0 | BT25: =BR25*BS25 -> 0 | BV25: =VLOOKUP(BU25,'DATABASE F&B'!$C$3:$F$210,2,0) -> 0 | BX25: =VLOOKUP(BU25,'DATABASE F&B'!$C$3:$F$210,4,0) -> 0 | BY25: =BW25*BX25 -> 0 | CA25: =VLOOKUP(BZ25,'DATABASE F&B'!$C$3:$F$210,2,0) -> 0 | CC25: =VLOOKUP(BZ25,'DATABASE F&B'!$C$3:$F$210,4,0) -> 0 | CD25: =CB25*CC25 -> 0
A26: =CONCATENATE(F26,"-",E26,"-20",G26) -> 05-'04-2026 | B26: =B25+1 -> 22 | C26: =C25+1 -> 22 | D26: 46146 | E26: '04 | F26: 05 | G26: 26 | H26: =CONCATENATE("RJ","-",E26,F26,G26,"-",B26) -> RJ-'040526-22 | I26: =CONCATENATE(E26,"-",F26,"-20",G26) -> '04-05-2026 | J26: =VLOOKUP(D26,Laporan!$C$4:$D$34,2,0) -> Senin | L26: Bar | M26: =SUMIF('DATABASE Room'!$B$3:$B$7,L26,'DATABASE Room'!$D$3:$D$7) -> 0 | N26: 1 | O26: =N26*M26 -> 0 | Q26: =P26*M26 -> 0 | R26: =O26+Q26 -> 0 | S26: =SUMIF($W$4:$CD$4,$S$4,W26:CD26) -> 5 | T26: =SUMIF($W$4:$CD$4,$T$4,W26:CD26) -> 15000 | U26: =R26+T26 -> 15000 | W26: 46 | X26: =VLOOKUP(W26,'DATABASE F&B'!$C$3:$F$216,2,0) -> TEH PUCUK HARUM 350ML | Y26: 1 | Z26: =VLOOKUP(W26,'DATABASE F&B'!$C$3:$F$216,4,0) -> 15000 | AA26: =Y26*Z26 -> 15000 | AC26: =VLOOKUP(AB26,'DATABASE F&B'!$C$3:$F$216,2,0) -> 0 | AD26: 1 | AE26: =VLOOKUP(AB26,'DATABASE F&B'!$C$3:$F$216,4,0) -> 0 | AF26: =AD26*AE26 -> 0 | AH26: =VLOOKUP(AG26,'DATABASE F&B'!$C$3:$F$216,2,0) -> 0 | AI26: 1 | AJ26: =VLOOKUP(AG26,'DATABASE F&B'!$C$3:$F$216,4,0) -> 0 | AK26: =AI26*AJ26 -> 0 | AM26: =VLOOKUP(AL26,'DATABASE F&B'!$C$3:$F$216,2,0) -> 0 | AN26: 1 | AO26: =VLOOKUP(AL26,'DATABASE F&B'!$C$3:$F$216,4,0) -> 0 | AP26: =AN26*AO26 -> 0 | AR26: =VLOOKUP(AQ26,'DATABASE F&B'!$C$3:$F$216,2,0) -> 0 | AS26: 1 | AT26: =VLOOKUP(AQ26,'DATABASE F&B'!$C$3:$F$216,4,0) -> 0 | AU26: =AS26*AT26 -> 0 | AW26: =VLOOKUP(AV26,'DATABASE F&B'!$C$3:$F$216,2,0) -> 0 | AY26: =VLOOKUP(AV26,'DATABASE F&B'!$C$3:$F$216,4,0) -> 0 | AZ26: =AX26*AY26 -> 0 | BB26: =VLOOKUP(BA26,'DATABASE F&B'!$C$3:$F$216,2,0) -> 0 | BD26: =VLOOKUP(BA26,'DATABASE F&B'!$C$3:$F$216,4,0) -> 0 | BE26: =BC26*BD26 -> 0 | BG26: =VLOOKUP(BF26,'DATABASE F&B'!$C$3:$F$216,2,0) -> 0 | BI26: =VLOOKUP(BF26,'DATABASE F&B'!$C$3:$F$216,4,0) -> 0 | BJ26: =BH26*BI26 -> 0 | BL26: =VLOOKUP(BK26,'DATABASE F&B'!$C$3:$F$210,2,0) -> 0 | BN26: =VLOOKUP(BK26,'DATABASE F&B'!$C$3:$F$210,4,0) -> 0 | BO26: =BM26*BN26 -> 0 | BQ26: =VLOOKUP(BP26,'DATABASE F&B'!$C$3:$F$210,2,0) -> 0 | BS26: =VLOOKUP(BP26,'DATABASE F&B'!$C$3:$F$210,4,0) -> 0 | BT26: =BR26*BS26 -> 0 | BV26: =VLOOKUP(BU26,'DATABASE F&B'!$C$3:$F$210,2,0) -> 0 | BX26: =VLOOKUP(BU26,'DATABASE F&B'!$C$3:$F$210,4,0) -> 0 | BY26: =BW26*BX26 -> 0 | CA26: =VLOOKUP(BZ26,'DATABASE F&B'!$C$3:$F$210,2,0) -> 0 | CC26: =VLOOKUP(BZ26,'DATABASE F&B'!$C$3:$F$210,4,0) -> 0 | CD26: =CB26*CC26 -> 0
A27: =CONCATENATE(F27,"-",E27,"-20",G27) -> 05-'04-2026 | B27: =B26+1 -> 23 | C27: =C26+1 -> 23 | D27: 46146 | E27: '04 | F27: 05 | G27: 26 | H27: =CONCATENATE("RJ","-",E27,F27,G27,"-",B27) -> RJ-'040526-23 | I27: =CONCATENATE(E27,"-",F27,"-20",G27) -> '04-05-2026 | J27: =VLOOKUP(D27,Laporan!$C$4:$D$34,2,0) -> Senin | L27: Bar | M27: =SUMIF('DATABASE Room'!$B$3:$B$7,L27,'DATABASE Room'!$D$3:$D$7) -> 0 | N27: 1 | O27: =N27*M27 -> 0 | Q27: =P27*M27 -> 0 | R27: =O27+Q27 -> 0 | S27: =SUMIF($W$4:$CD$4,$S$4,W27:CD27) -> 5 | T27: =SUMIF($W$4:$CD$4,$T$4,W27:CD27) -> 15000 | U27: =R27+T27 -> 15000 | W27: 47 | X27: =VLOOKUP(W27,'DATABASE F&B'!$C$3:$F$216,2,0) -> PULPY ORANGE 300ML | Y27: 1 | Z27: =VLOOKUP(W27,'DATABASE F&B'!$C$3:$F$216,4,0) -> 15000 | AA27: =Y27*Z27 -> 15000 | AC27: =VLOOKUP(AB27,'DATABASE F&B'!$C$3:$F$216,2,0) -> 0 | AD27: 1 | AE27: =VLOOKUP(AB27,'DATABASE F&B'!$C$3:$F$216,4,0) -> 0 | AF27: =AD27*AE27 -> 0 | AH27: =VLOOKUP(AG27,'DATABASE F&B'!$C$3:$F$216,2,0) -> 0 | AI27: 1 | AJ27: =VLOOKUP(AG27,'DATABASE F&B'!$C$3:$F$216,4,0) -> 0 | AK27: =AI27*AJ27 -> 0 | AM27: =VLOOKUP(AL27,'DATABASE F&B'!$C$3:$F$216,2,0) -> 0 | AN27: 1 | AO27: =VLOOKUP(AL27,'DATABASE F&B'!$C$3:$F$216,4,0) -> 0 | AP27: =AN27*AO27 -> 0 | AR27: =VLOOKUP(AQ27,'DATABASE F&B'!$C$3:$F$216,2,0) -> 0 | AS27: 1 | AT27: =VLOOKUP(AQ27,'DATABASE F&B'!$C$3:$F$216,4,0) -> 0 | AU27: =AS27*AT27 -> 0 | AW27: =VLOOKUP(AV27,'DATABASE F&B'!$C$3:$F$216,2,0) -> 0 | AY27: =VLOOKUP(AV27,'DATABASE F&B'!$C$3:$F$216,4,0) -> 0 | AZ27: =AX27*AY27 -> 0 | BB27: =VLOOKUP(BA27,'DATABASE F&B'!$C$3:$F$216,2,0) -> 0 | BD27: =VLOOKUP(BA27,'DATABASE F&B'!$C$3:$F$216,4,0) -> 0 | BE27: =BC27*BD27 -> 0 | BG27: =VLOOKUP(BF27,'DATABASE F&B'!$C$3:$F$216,2,0) -> 0 | BI27: =VLOOKUP(BF27,'DATABASE F&B'!$C$3:$F$216,4,0) -> 0 | BJ27: =BH27*BI27 -> 0 | BL27: =VLOOKUP(BK27,'DATABASE F&B'!$C$3:$F$210,2,0) -> 0 | BN27: =VLOOKUP(BK27,'DATABASE F&B'!$C$3:$F$210,4,0) -> 0 | BO27: =BM27*BN27 -> 0 | BQ27: =VLOOKUP(BP27,'DATABASE F&B'!$C$3:$F$210,2,0) -> 0 | BS27: =VLOOKUP(BP27,'DATABASE F&B'!$C$3:$F$210,4,0) -> 0 | BT27: =BR27*BS27 -> 0 | BV27: =VLOOKUP(BU27,'DATABASE F&B'!$C$3:$F$210,2,0) -> 0 | BX27: =VLOOKUP(BU27,'DATABASE F&B'!$C$3:$F$210,4,0) -> 0 | BY27: =BW27*BX27 -> 0 | CA27: =VLOOKUP(BZ27,'DATABASE F&B'!$C$3:$F$210,2,0) -> 0 | CC27: =VLOOKUP(BZ27,'DATABASE F&B'!$C$3:$F$210,4,0) -> 0 | CD27: =CB27*CC27 -> 0
A28: =CONCATENATE(F28,"-",E28,"-20",G28) -> 05-'04-2026 | B28: =B27+1 -> 24 | C28: =C27+1 -> 24 | D28: 46146 | E28: '04 | F28: 05 | G28: 26 | H28: =CONCATENATE("RJ","-",E28,F28,G28,"-",B28) -> RJ-'040526-24 | I28: =CONCATENATE(E28,"-",F28,"-20",G28) -> '04-05-2026 | J28: =VLOOKUP(D28,Laporan!$C$4:$D$34,2,0) -> Senin | L28: Bar | M28: =SUMIF('DATABASE Room'!$B$3:$B$7,L28,'DATABASE Room'!$D$3:$D$7) -> 0 | N28: 1 | O28: =N28*M28 -> 0 | Q28: =P28*M28 -> 0 | R28: =O28+Q28 -> 0 | S28: =SUMIF($W$4:$CD$4,$S$4,W28:CD28) -> 5 | T28: =SUMIF($W$4:$CD$4,$T$4,W28:CD28) -> 15000 | U28: =R28+T28 -> 15000 | W28: 48 | X28: =VLOOKUP(W28,'DATABASE F&B'!$C$3:$F$216,2,0) -> TONIC 250ML | Y28: 1 | Z28: =VLOOKUP(W28,'DATABASE F&B'!$C$3:$F$216,4,0) -> 15000 | AA28: =Y28*Z28 -> 15000 | AC28: =VLOOKUP(AB28,'DATABASE F&B'!$C$3:$F$216,2,0) -> 0 | AD28: 1 | AE28: =VLOOKUP(AB28,'DATABASE F&B'!$C$3:$F$216,4,0) -> 0 | AF28: =AD28*AE28 -> 0 | AH28: =VLOOKUP(AG28,'DATABASE F&B'!$C$3:$F$216,2,0) -> 0 | AI28: 1 | AJ28: =VLOOKUP(AG28,'DATABASE F&B'!$C$3:$F$216,4,0) -> 0 | AK28: =AI28*AJ28 -> 0 | AM28: =VLOOKUP(AL28,'DATABASE F&B'!$C$3:$F$216,2,0) -> 0 | AN28: 1 | AO28: =VLOOKUP(AL28,'DATABASE F&B'!$C$3:$F$216,4,0) -> 0 | AP28: =AN28*AO28 -> 0 | AR28: =VLOOKUP(AQ28,'DATABASE F&B'!$C$3:$F$216,2,0) -> 0 | AS28: 1 | AT28: =VLOOKUP(AQ28,'DATABASE F&B'!$C$3:$F$216,4,0) -> 0 | AU28: =AS28*AT28 -> 0 | AW28: =VLOOKUP(AV28,'DATABASE F&B'!$C$3:$F$216,2,0) -> 0 | AY28: =VLOOKUP(AV28,'DATABASE F&B'!$C$3:$F$216,4,0) -> 0 | AZ28: =AX28*AY28 -> 0 | BB28: =VLOOKUP(BA28,'DATABASE F&B'!$C$3:$F$216,2,0) -> 0 | BD28: =VLOOKUP(BA28,'DATABASE F&B'!$C$3:$F$216,4,0) -> 0 | BE28: =BC28*BD28 -> 0 | BG28: =VLOOKUP(BF28,'DATABASE F&B'!$C$3:$F$216,2,0) -> 0 | BI28: =VLOOKUP(BF28,'DATABASE F&B'!$C$3:$F$216,4,0) -> 0 | BJ28: =BH28*BI28 -> 0 | BL28: =VLOOKUP(BK28,'DATABASE F&B'!$C$3:$F$210,2,0) -> 0 | BN28: =VLOOKUP(BK28,'DATABASE F&B'!$C$3:$F$210,4,0) -> 0 | BO28: =BM28*BN28 -> 0 | BQ28: =VLOOKUP(BP28,'DATABASE F&B'!$C$3:$F$210,2,0) -> 0 | BS28: =VLOOKUP(BP28,'DATABASE F&B'!$C$3:$F$210,4,0) -> 0 | BT28: =BR28*BS28 -> 0 | BV28: =VLOOKUP(BU28,'DATABASE F&B'!$C$3:$F$210,2,0) -> 0 | BX28: =VLOOKUP(BU28,'DATABASE F&B'!$C$3:$F$210,4,0) -> 0 | BY28: =BW28*BX28 -> 0 | CA28: =VLOOKUP(BZ28,'DATABASE F&B'!$C$3:$F$210,2,0) -> 0 | CC28: =VLOOKUP(BZ28,'DATABASE F&B'!$C$3:$F$210,4,0) -> 0 | CD28: =CB28*CC28 -> 0
A29: =CONCATENATE(F29,"-",E29,"-20",G29) -> 05-'04-2026 | B29: =B28+1 -> 25 | C29: =C28+1 -> 25 | D29: 46146 | E29: '04 | F29: 05 | G29: 26 | H29: =CONCATENATE("RJ","-",E29,F29,G29,"-",B29) -> RJ-'040526-25 | I29: =CONCATENATE(E29,"-",F29,"-20",G29) -> '04-05-2026 | J29: =VLOOKUP(D29,Laporan!$C$4:$D$34,2,0) -> Senin | L29: Bar | M29: =SUMIF('DATABASE Room'!$B$3:$B$7,L29,'DATABASE Room'!$D$3:$D$7) -> 0 | N29: 1 | O29: =N29*M29 -> 0 | Q29: =P29*M29 -> 0 | R29: =O29+Q29 -> 0 | S29: =SUMIF($W$4:$CD$4,$S$4,W29:CD29) -> 5 | T29: =SUMIF($W$4:$CD$4,$T$4,W29:CD29) -> 60000 | U29: =R29+T29 -> 60000 | W29: 49 | X29: =VLOOKUP(W29,'DATABASE F&B'!$C$3:$F$216,2,0) -> SPRITE 250ML | Y29: 1 | Z29: =VLOOKUP(W29,'DATABASE F&B'!$C$3:$F$216,4,0) -> 15000 | AA29: =Y29*Z29 -> 15000 | AB29: 74 | AC29: =VLOOKUP(AB29,'DATABASE F&B'!$C$3:$F$216,2,0) -> SAN MIGUEL NEGRA 330ML | AD29: 1 | AE29: =VLOOKUP(AB29,'DATABASE F&B'!$C$3:$F$216,4,0) -> 45000 | AF29: =AD29*AE29 -> 45000 | AH29: =VLOOKUP(AG29,'DATABASE F&B'!$C$3:$F$216,2,0) -> 0 | AI29: 1 | AJ29: =VLOOKUP(AG29,'DATABASE F&B'!$C$3:$F$216,4,0) -> 0 | AK29: =AI29*AJ29 -> 0 | AM29: =VLOOKUP(AL29,'DATABASE F&B'!$C$3:$F$216,2,0) -> 0 | AN29: 1 | AO29: =VLOOKUP(AL29,'DATABASE F&B'!$C$3:$F$216,4,0) -> 0 | AP29: =AN29*AO29 -> 0 | AR29: =VLOOKUP(AQ29,'DATABASE F&B'!$C$3:$F$216,2,0) -> 0 | AS29: 1 | AT29: =VLOOKUP(AQ29,'DATABASE F&B'!$C$3:$F$216,4,0) -> 0 | AU29: =AS29*AT29 -> 0 | AW29: =VLOOKUP(AV29,'DATABASE F&B'!$C$3:$F$216,2,0) -> 0 | AY29: =VLOOKUP(AV29,'DATABASE F&B'!$C$3:$F$216,4,0) -> 0 | AZ29: =AX29*AY29 -> 0 | BB29: =VLOOKUP(BA29,'DATABASE F&B'!$C$3:$F$216,2,0) -> 0 | BD29: =VLOOKUP(BA29,'DATABASE F&B'!$C$3:$F$216,4,0) -> 0 | BE29: =BC29*BD29 -> 0 | BG29: =VLOOKUP(BF29,'DATABASE F&B'!$C$3:$F$216,2,0) -> 0 | BI29: =VLOOKUP(BF29,'DATABASE F&B'!$C$3:$F$216,4,0) -> 0 | BJ29: =BH29*BI29 -> 0 | BL29: =VLOOKUP(BK29,'DATABASE F&B'!$C$3:$F$210,2,0) -> 0 | BN29: =VLOOKUP(BK29,'DATABASE F&B'!$C$3:$F$210,4,0) -> 0 | BO29: =BM29*BN29 -> 0 | BQ29: =VLOOKUP(BP29,'DATABASE F&B'!$C$3:$F$210,2,0) -> 0 | BS29: =VLOOKUP(BP29,'DATABASE F&B'!$C$3:$F$210,4,0) -> 0 | BT29: =BR29*BS29 -> 0 | BV29: =VLOOKUP(BU29,'DATABASE F&B'!$C$3:$F$210,2,0) -> 0 | BX29: =VLOOKUP(BU29,'DATABASE F&B'!$C$3:$F$210,4,0) -> 0 | BY29: =BW29*BX29 -> 0 | CA29: =VLOOKUP(BZ29,'DATABASE F&B'!$C$3:$F$210,2,0) -> 0 | CC29: =VLOOKUP(BZ29,'DATABASE F&B'!$C$3:$F$210,4,0) -> 0 | CD29: =CB29*CC29 -> 0
A30: =CONCATENATE(F30,"-",E30,"-20",G30) -> 05-'05-2026 | B30: =B29+1 -> 26 | C30: =C29+1 -> 26 | D30: 46147 | E30: '05 | F30: 05 | G30: 26 | H30: =CONCATENATE("RJ","-",E30,F30,G30,"-",B30) -> RJ-'050526-26 | I30: =CONCATENATE(E30,"-",F30,"-20",G30) -> '05-05-2026 | J30: =VLOOKUP(D30,Laporan!$C$4:$D$34,2,0) -> Selasa | L30: Bar | M30: =SUMIF('DATABASE Room'!$B$3:$B$7,L30,'DATABASE Room'!$D$3:$D$7) -> 0 | N30: 1 | O30: =N30*M30 -> 0 | Q30: =P30*M30 -> 0 | R30: =O30+Q30 -> 0 | S30: =SUMIF($W$4:$CD$4,$S$4,W30:CD30) -> 5 | T30: =SUMIF($W$4:$CD$4,$T$4,W30:CD30) -> 15000 | U30: =R30+T30 -> 15000 | W30: 50 | X30: =VLOOKUP(W30,'DATABASE F&B'!$C$3:$F$216,2,0) -> COKE 250ML | Y30: 1 | Z30: =VLOOKUP(W30,'DATABASE F&B'!$C$3:$F$216,4,0) -> 15000 | AA30: =Y30*Z30 -> 15000 | AC30: =VLOOKUP(AB30,'DATABASE F&B'!$C$3:$F$216,2,0) -> 0 | AD30: 1 | AE30: =VLOOKUP(AB30,'DATABASE F&B'!$C$3:$F$216,4,0) -> 0 | AF30: =AD30*AE30 -> 0 | AH30: =VLOOKUP(AG30,'DATABASE F&B'!$C$3:$F$216,2,0) -> 0 | AI30: 1 | AJ30: =VLOOKUP(AG30,'DATABASE F&B'!$C$3:$F$216,4,0) -> 0 | AK30: =AI30*AJ30 -> 0 | AM30: =VLOOKUP(AL30,'DATABASE F&B'!$C$3:$F$216,2,0) -> 0 | AN30: 1 | AO30: =VLOOKUP(AL30,'DATABASE F&B'!$C$3:$F$216,4,0) -> 0 | AP30: =AN30*AO30 -> 0 | AR30: =VLOOKUP(AQ30,'DATABASE F&B'!$C$3:$F$216,2,0) -> 0 | AS30: 1 | AT30: =VLOOKUP(AQ30,'DATABASE F&B'!$C$3:$F$216,4,0) -> 0 | AU30: =AS30*AT30 -> 0 | AW30: =VLOOKUP(AV30,'DATABASE F&B'!$C$3:$F$216,2,0) -> 0 | AY30: =VLOOKUP(AV30,'DATABASE F&B'!$C$3:$F$216,4,0) -> 0 | AZ30: =AX30*AY30 -> 0 | BB30: =VLOOKUP(BA30,'DATABASE F&B'!$C$3:$F$216,2,0) -> 0 | BD30: =VLOOKUP(BA30,'DATABASE F&B'!$C$3:$F$216,4,0) -> 0 | BE30: =BC30*BD30 -> 0 | BG30: =VLOOKUP(BF30,'DATABASE F&B'!$C$3:$F$216,2,0) -> 0 | BI30: =VLOOKUP(BF30,'DATABASE F&B'!$C$3:$F$216,4,0) -> 0 | BJ30: =BH30*BI30 -> 0 | BL30: =VLOOKUP(BK30,'DATABASE F&B'!$C$3:$F$210,2,0) -> 0 | BN30: =VLOOKUP(BK30,'DATABASE F&B'!$C$3:$F$210,4,0) -> 0 | BO30: =BM30*BN30 -> 0 | BQ30: =VLOOKUP(BP30,'DATABASE F&B'!$C$3:$F$210,2,0) -> 0 | BS30: =VLOOKUP(BP30,'DATABASE F&B'!$C$3:$F$210,4,0) -> 0 | BT30: =BR30*BS30 -> 0 | BV30: =VLOOKUP(BU30,'DATABASE F&B'!$C$3:$F$210,2,0) -> 0 | BX30: =VLOOKUP(BU30,'DATABASE F&B'!$C$3:$F$210,4,0) -> 0 | BY30: =BW30*BX30 -> 0 | CA30: =VLOOKUP(BZ30,'DATABASE F&B'!$C$3:$F$210,2,0) -> 0 | CC30: =VLOOKUP(BZ30,'DATABASE F&B'!$C$3:$F$210,4,0) -> 0 | CD30: =CB30*CC30 -> 0
A31: =CONCATENATE(F31,"-",E31,"-20",G31) -> 05-'05-2026 | B31: =B30+1 -> 27 | C31: =C30+1 -> 27 | D31: 46147 | E31: '05 | F31: 05 | G31: 26 | H31: =CONCATENATE("RJ","-",E31,F31,G31,"-",B31) -> RJ-'050526-27 | I31: =CONCATENATE(E31,"-",F31,"-20",G31) -> '05-05-2026 | J31: =VLOOKUP(D31,Laporan!$C$4:$D$34,2,0) -> Selasa | L31: Bar | M31: =SUMIF('DATABASE Room'!$B$3:$B$7,L31,'DATABASE Room'!$D$3:$D$7) -> 0 | N31: 1 | O31: =N31*M31 -> 0 | Q31: =P31*M31 -> 0 | R31: =O31+Q31 -> 0 | S31: =SUMIF($W$4:$CD$4,$S$4,W31:CD31) -> 5 | T31: =SUMIF($W$4:$CD$4,$T$4,W31:CD31) -> 15000 | U31: =R31+T31 -> 15000 | W31: 51 | X31: =VLOOKUP(W31,'DATABASE F&B'!$C$3:$F$216,2,0) -> GINGER ALE | Y31: 1 | Z31: =VLOOKUP(W31,'DATABASE F&B'!$C$3:$F$216,4,0) -> 15000 | AA31: =Y31*Z31 -> 15000 | AC31: =VLOOKUP(AB31,'DATABASE F&B'!$C$3:$F$216,2,0) -> 0 | AD31: 1 | AE31: =VLOOKUP(AB31,'DATABASE F&B'!$C$3:$F$216,4,0) -> 0 | AF31: =AD31*AE31 -> 0 | AH31: =VLOOKUP(AG31,'DATABASE F&B'!$C$3:$F$216,2,0) -> 0 | AI31: 1 | AJ31: =VLOOKUP(AG31,'DATABASE F&B'!$C$3:$F$216,4,0) -> 0 | AK31: =AI31*AJ31 -> 0 | AM31: =VLOOKUP(AL31,'DATABASE F&B'!$C$3:$F$216,2,0) -> 0 | AN31: 1 | AO31: =VLOOKUP(AL31,'DATABASE F&B'!$C$3:$F$216,4,0) -> 0 | AP31: =AN31*AO31 -> 0 | AR31: =VLOOKUP(AQ31,'DATABASE F&B'!$C$3:$F$216,2,0) -> 0 | AS31: 1 | AT31: =VLOOKUP(AQ31,'DATABASE F&B'!$C$3:$F$216,4,0) -> 0 | AU31: =AS31*AT31 -> 0 | AW31: =VLOOKUP(AV31,'DATABASE F&B'!$C$3:$F$216,2,0) -> 0 | AY31: =VLOOKUP(AV31,'DATABASE F&B'!$C$3:$F$216,4,0) -> 0 | AZ31: =AX31*AY31 -> 0 | BB31: =VLOOKUP(BA31,'DATABASE F&B'!$C$3:$F$216,2,0) -> 0 | BD31: =VLOOKUP(BA31,'DATABASE F&B'!$C$3:$F$216,4,0) -> 0 | BE31: =BC31*BD31 -> 0 | BG31: =VLOOKUP(BF31,'DATABASE F&B'!$C$3:$F$216,2,0) -> 0 | BI31: =VLOOKUP(BF31,'DATABASE F&B'!$C$3:$F$216,4,0) -> 0 | BJ31: =BH31*BI31 -> 0 | BL31: =VLOOKUP(BK31,'DATABASE F&B'!$C$3:$F$210,2,0) -> 0 | BN31: =VLOOKUP(BK31,'DATABASE F&B'!$C$3:$F$210,4,0) -> 0 | BO31: =BM31*BN31 -> 0 | BQ31: =VLOOKUP(BP31,'DATABASE F&B'!$C$3:$F$210,2,0) -> 0 | BS31: =VLOOKUP(BP31,'DATABASE F&B'!$C$3:$F$210,4,0) -> 0 | BT31: =BR31*BS31 -> 0 | BV31: =VLOOKUP(BU31,'DATABASE F&B'!$C$3:$F$210,2,0) -> 0 | BX31: =VLOOKUP(BU31,'DATABASE F&B'!$C$3:$F$210,4,0) -> 0 | BY31: =BW31*BX31 -> 0 | CA31: =VLOOKUP(BZ31,'DATABASE F&B'!$C$3:$F$210,2,0) -> 0 | CC31: =VLOOKUP(BZ31,'DATABASE F&B'!$C$3:$F$210,4,0) -> 0 | CD31: =CB31*CC31 -> 0
A32: =CONCATENATE(F32,"-",E32,"-20",G32) -> 05-'05-2026 | B32: =B31+1 -> 28 | C32: =C31+1 -> 28 | D32: 46147 | E32: '05 | F32: 05 | G32: 26 | H32: =CONCATENATE("RJ","-",E32,F32,G32,"-",B32) -> RJ-'050526-28 | I32: =CONCATENATE(E32,"-",F32,"-20",G32) -> '05-05-2026 | J32: =VLOOKUP(D32,Laporan!$C$4:$D$34,2,0) -> Selasa | L32: Bar | M32: =SUMIF('DATABASE Room'!$B$3:$B$7,L32,'DATABASE Room'!$D$3:$D$7) -> 0 | N32: 1 | O32: =N32*M32 -> 0 | Q32: =P32*M32 -> 0 | R32: =O32+Q32 -> 0 | S32: =SUMIF($W$4:$CD$4,$S$4,W32:CD32) -> 5 | T32: =SUMIF($W$4:$CD$4,$T$4,W32:CD32) -> 15000 | U32: =R32+T32 -> 15000 | W32: 52 | X32: =VLOOKUP(W32,'DATABASE F&B'!$C$3:$F$216,2,0) -> SODA WATER ZODA 250ML | Y32: 1 | Z32: =VLOOKUP(W32,'DATABASE F&B'!$C$3:$F$216,4,0) -> 15000 | AA32: =Y32*Z32 -> 15000 | AC32: =VLOOKUP(AB32,'DATABASE F&B'!$C$3:$F$216,2,0) -> 0 | AD32: 1 | AE32: =VLOOKUP(AB32,'DATABASE F&B'!$C$3:$F$216,4,0) -> 0 | AF32: =AD32*AE32 -> 0 | AH32: =VLOOKUP(AG32,'DATABASE F&B'!$C$3:$F$216,2,0) -> 0 | AI32: 1 | AJ32: =VLOOKUP(AG32,'DATABASE F&B'!$C$3:$F$216,4,0) -> 0 | AK32: =AI32*AJ32 -> 0 | AM32: =VLOOKUP(AL32,'DATABASE F&B'!$C$3:$F$216,2,0) -> 0 | AN32: 1 | AO32: =VLOOKUP(AL32,'DATABASE F&B'!$C$3:$F$216,4,0) -> 0 | AP32: =AN32*AO32 -> 0 | AR32: =VLOOKUP(AQ32,'DATABASE F&B'!$C$3:$F$216,2,0) -> 0 | AS32: 1 | AT32: =VLOOKUP(AQ32,'DATABASE F&B'!$C$3:$F$216,4,0) -> 0 | AU32: =AS32*AT32 -> 0 | AW32: =VLOOKUP(AV32,'DATABASE F&B'!$C$3:$F$216,2,0) -> 0 | AY32: =VLOOKUP(AV32,'DATABASE F&B'!$C$3:$F$216,4,0) -> 0 | AZ32: =AX32*AY32 -> 0 | BB32: =VLOOKUP(BA32,'DATABASE F&B'!$C$3:$F$216,2,0) -> 0 | BD32: =VLOOKUP(BA32,'DATABASE F&B'!$C$3:$F$216,4,0) -> 0 | BE32: =BC32*BD32 -> 0 | BG32: =VLOOKUP(BF32,'DATABASE F&B'!$C$3:$F$216,2,0) -> 0 | BI32: =VLOOKUP(BF32,'DATABASE F&B'!$C$3:$F$216,4,0) -> 0 | BJ32: =BH32*BI32 -> 0 | BL32: =VLOOKUP(BK32,'DATABASE F&B'!$C$3:$F$210,2,0) -> 0 | BN32: =VLOOKUP(BK32,'DATABASE F&B'!$C$3:$F$210,4,0) -> 0 | BO32: =BM32*BN32 -> 0 | BQ32: =VLOOKUP(BP32,'DATABASE F&B'!$C$3:$F$210,2,0) -> 0 | BS32: =VLOOKUP(BP32,'DATABASE F&B'!$C$3:$F$210,4,0) -> 0 | BT32: =BR32*BS32 -> 0 | BV32: =VLOOKUP(BU32,'DATABASE F&B'!$C$3:$F$210,2,0) -> 0 | BX32: =VLOOKUP(BU32,'DATABASE F&B'!$C$3:$F$210,4,0) -> 0 | BY32: =BW32*BX32 -> 0 | CA32: =VLOOKUP(BZ32,'DATABASE F&B'!$C$3:$F$210,2,0) -> 0 | CC32: =VLOOKUP(BZ32,'DATABASE F&B'!$C$3:$F$210,4,0) -> 0 | CD32: =CB32*CC32 -> 0
A33: =CONCATENATE(F33,"-",E33,"-20",G33) -> 05-'05-2026 | B33: =B32+1 -> 29 | C33: =C32+1 -> 29 | D33: 46147 | E33: '05 | F33: 05 | G33: 26 | H33: =CONCATENATE("RJ","-",E33,F33,G33,"-",B33) -> RJ-'050526-29 | I33: =CONCATENATE(E33,"-",F33,"-20",G33) -> '05-05-2026 | J33: =VLOOKUP(D33,Laporan!$C$4:$D$34,2,0) -> Selasa | L33: Bar | M33: =SUMIF('DATABASE Room'!$B$3:$B$7,L33,'DATABASE Room'!$D$3:$D$7) -> 0 | N33: 1 | O33: =N33*M33 -> 0 | Q33: =P33*M33 -> 0 | R33: =O33+Q33 -> 0 | S33: =SUMIF($W$4:$CD$4,$S$4,W33:CD33) -> 5 | T33: =SUMIF($W$4:$CD$4,$T$4,W33:CD33) -> 15000 | U33: =R33+T33 -> 15000 | W33: 53 | X33: =VLOOKUP(W33,'DATABASE F&B'!$C$3:$F$216,2,0) -> ZODA WATER | Y33: 1 | Z33: =VLOOKUP(W33,'DATABASE F&B'!$C$3:$F$216,4,0) -> 15000 | AA33: =Y33*Z33 -> 15000 | AC33: =VLOOKUP(AB33,'DATABASE F&B'!$C$3:$F$216,2,0) -> 0 | AD33: 1 | AE33: =VLOOKUP(AB33,'DATABASE F&B'!$C$3:$F$216,4,0) -> 0 | AF33: =AD33*AE33 -> 0 | AH33: =VLOOKUP(AG33,'DATABASE F&B'!$C$3:$F$216,2,0) -> 0 | AI33: 1 | AJ33: =VLOOKUP(AG33,'DATABASE F&B'!$C$3:$F$216,4,0) -> 0 | AK33: =AI33*AJ33 -> 0 | AM33: =VLOOKUP(AL33,'DATABASE F&B'!$C$3:$F$216,2,0) -> 0 | AN33: 1 | AO33: =VLOOKUP(AL33,'DATABASE F&B'!$C$3:$F$216,4,0) -> 0 | AP33: =AN33*AO33 -> 0 | AR33: =VLOOKUP(AQ33,'DATABASE F&B'!$C$3:$F$216,2,0) -> 0 | AS33: 1 | AT33: =VLOOKUP(AQ33,'DATABASE F&B'!$C$3:$F$216,4,0) -> 0 | AU33: =AS33*AT33 -> 0 | AW33: =VLOOKUP(AV33,'DATABASE F&B'!$C$3:$F$216,2,0) -> 0 | AY33: =VLOOKUP(AV33,'DATABASE F&B'!$C$3:$F$216,4,0) -> 0 | AZ33: =AX33*AY33 -> 0 | BB33: =VLOOKUP(BA33,'DATABASE F&B'!$C$3:$F$216,2,0) -> 0 | BD33: =VLOOKUP(BA33,'DATABASE F&B'!$C$3:$F$216,4,0) -> 0 | BE33: =BC33*BD33 -> 0 | BG33: =VLOOKUP(BF33,'DATABASE F&B'!$C$3:$F$216,2,0) -> 0 | BI33: =VLOOKUP(BF33,'DATABASE F&B'!$C$3:$F$216,4,0) -> 0 | BJ33: =BH33*BI33 -> 0 | BL33: =VLOOKUP(BK33,'DATABASE F&B'!$C$3:$F$210,2,0) -> 0 | BN33: =VLOOKUP(BK33,'DATABASE F&B'!$C$3:$F$210,4,0) -> 0 | BO33: =BM33*BN33 -> 0 | BQ33: =VLOOKUP(BP33,'DATABASE F&B'!$C$3:$F$210,2,0) -> 0 | BS33: =VLOOKUP(BP33,'DATABASE F&B'!$C$3:$F$210,4,0) -> 0 | BT33: =BR33*BS33 -> 0 | BV33: =VLOOKUP(BU33,'DATABASE F&B'!$C$3:$F$210,2,0) -> 0 | BX33: =VLOOKUP(BU33,'DATABASE F&B'!$C$3:$F$210,4,0) -> 0 | BY33: =BW33*BX33 -> 0 | CA33: =VLOOKUP(BZ33,'DATABASE F&B'!$C$3:$F$210,2,0) -> 0 | CC33: =VLOOKUP(BZ33,'DATABASE F&B'!$C$3:$F$210,4,0) -> 0 | CD33: =CB33*CC33 -> 0
A34: =CONCATENATE(F34,"-",E34,"-20",G34) -> 05-'05-2026 | B34: =B33+1 -> 30 | C34: =C33+1 -> 30 | D34: 46147 | E34: '05 | F34: 05 | G34: 26 | H34: =CONCATENATE("RJ","-",E34,F34,G34,"-",B34) -> RJ-'050526-30 | I34: =CONCATENATE(E34,"-",F34,"-20",G34) -> '05-05-2026 | J34: =VLOOKUP(D34,Laporan!$C$4:$D$34,2,0) -> Selasa | L34: Bar | M34: =SUMIF('DATABASE Room'!$B$3:$B$7,L34,'DATABASE Room'!$D$3:$D$7) -> 0 | N34: 1 | O34: =N34*M34 -> 0 | Q34: =P34*M34 -> 0 | R34: =O34+Q34 -> 0 | S34: =SUMIF($W$4:$CD$4,$S$4,W34:CD34) -> 5 | T34: =SUMIF($W$4:$CD$4,$T$4,W34:CD34) -> 20000 | U34: =R34+T34 -> 20000 | W34: 54 | X34: =VLOOKUP(W34,'DATABASE F&B'!$C$3:$F$216,2,0) -> POKKA GREEN TEA | Y34: 1 | Z34: =VLOOKUP(W34,'DATABASE F&B'!$C$3:$F$216,4,0) -> 20000 | AA34: =Y34*Z34 -> 20000 | AC34: =VLOOKUP(AB34,'DATABASE F&B'!$C$3:$F$216,2,0) -> 0 | AD34: 1 | AE34: =VLOOKUP(AB34,'DATABASE F&B'!$C$3:$F$216,4,0) -> 0 | AF34: =AD34*AE34 -> 0 | AH34: =VLOOKUP(AG34,'DATABASE F&B'!$C$3:$F$216,2,0) -> 0 | AI34: 1 | AJ34: =VLOOKUP(AG34,'DATABASE F&B'!$C$3:$F$216,4,0) -> 0 | AK34: =AI34*AJ34 -> 0 | AM34: =VLOOKUP(AL34,'DATABASE F&B'!$C$3:$F$216,2,0) -> 0 | AN34: 1 | AO34: =VLOOKUP(AL34,'DATABASE F&B'!$C$3:$F$216,4,0) -> 0 | AP34: =AN34*AO34 -> 0 | AR34: =VLOOKUP(AQ34,'DATABASE F&B'!$C$3:$F$216,2,0) -> 0 | AS34: 1 | AT34: =VLOOKUP(AQ34,'DATABASE F&B'!$C$3:$F$216,4,0) -> 0 | AU34: =AS34*AT34 -> 0 | AW34: =VLOOKUP(AV34,'DATABASE F&B'!$C$3:$F$216,2,0) -> 0 | AY34: =VLOOKUP(AV34,'DATABASE F&B'!$C$3:$F$216,4,0) -> 0 | AZ34: =AX34*AY34 -> 0 | BB34: =VLOOKUP(BA34,'DATABASE F&B'!$C$3:$F$216,2,0) -> 0 | BD34: =VLOOKUP(BA34,'DATABASE F&B'!$C$3:$F$216,4,0) -> 0 | BE34: =BC34*BD34 -> 0 | BG34: =VLOOKUP(BF34,'DATABASE F&B'!$C$3:$F$216,2,0) -> 0 | BI34: =VLOOKUP(BF34,'DATABASE F&B'!$C$3:$F$216,4,0) -> 0 | BJ34: =BH34*BI34 -> 0 | BL34: =VLOOKUP(BK34,'DATABASE F&B'!$C$3:$F$210,2,0) -> 0 | BN34: =VLOOKUP(BK34,'DATABASE F&B'!$C$3:$F$210,4,0) -> 0 | BO34: =BM34*BN34 -> 0 | BQ34: =VLOOKUP(BP34,'DATABASE F&B'!$C$3:$F$210,2,0) -> 0 | BS34: =VLOOKUP(BP34,'DATABASE F&B'!$C$3:$F$210,4,0) -> 0 | BT34: =BR34*BS34 -> 0 | BV34: =VLOOKUP(BU34,'DATABASE F&B'!$C$3:$F$210,2,0) -> 0 | BX34: =VLOOKUP(BU34,'DATABASE F&B'!$C$3:$F$210,4,0) -> 0 | BY34: =BW34*BX34 -> 0 | CA34: =VLOOKUP(BZ34,'DATABASE F&B'!$C$3:$F$210,2,0) -> 0 | CC34: =VLOOKUP(BZ34,'DATABASE F&B'!$C$3:$F$210,4,0) -> 0 | CD34: =CB34*CC34 -> 0
A35: =CONCATENATE(F35,"-",E35,"-20",G35) -> 05-'05-2026 | B35: =B34+1 -> 31 | C35: =C34+1 -> 31 | D35: 46147 | E35: '05 | F35: 05 | G35: 26 | H35: =CONCATENATE("RJ","-",E35,F35,G35,"-",B35) -> RJ-'050526-31 | I35: =CONCATENATE(E35,"-",F35,"-20",G35) -> '05-05-2026 | J35: =VLOOKUP(D35,Laporan!$C$4:$D$34,2,0) -> Selasa | L35: Bar | M35: =SUMIF('DATABASE Room'!$B$3:$B$7,L35,'DATABASE Room'!$D$3:$D$7) -> 0 | N35: 1 | O35: =N35*M35 -> 0 | Q35: =P35*M35 -> 0 | R35: =O35+Q35 -> 0 | S35: =SUMIF($W$4:$CD$4,$S$4,W35:CD35) -> 6 | T35: =SUMIF($W$4:$CD$4,$T$4,W35:CD35) -> 25000 | U35: =R35+T35 -> 25000 | W35: 55 | X35: =VLOOKUP(W35,'DATABASE F&B'!$C$3:$F$216,2,0) -> YAKULT ORI | Y35: 1 | Z35: =VLOOKUP(W35,'DATABASE F&B'!$C$3:$F$216,4,0) -> 25000 | AA35: =Y35*Z35 -> 25000 | AC35: =VLOOKUP(AB35,'DATABASE F&B'!$C$3:$F$216,2,0) -> 0 | AD35: 2 | AE35: =VLOOKUP(AB35,'DATABASE F&B'!$C$3:$F$216,4,0) -> 0 | AF35: =AD35*AE35 -> 0 | AH35: =VLOOKUP(AG35,'DATABASE F&B'!$C$3:$F$216,2,0) -> 0 | AI35: 1 | AJ35: =VLOOKUP(AG35,'DATABASE F&B'!$C$3:$F$216,4,0) -> 0 | AK35: =AI35*AJ35 -> 0 | AM35: =VLOOKUP(AL35,'DATABASE F&B'!$C$3:$F$216,2,0) -> 0 | AN35: 1 | AO35: =VLOOKUP(AL35,'DATABASE F&B'!$C$3:$F$216,4,0) -> 0 | AP35: =AN35*AO35 -> 0 | AR35: =VLOOKUP(AQ35,'DATABASE F&B'!$C$3:$F$216,2,0) -> 0 | AS35: 1 | AT35: =VLOOKUP(AQ35,'DATABASE F&B'!$C$3:$F$216,4,0) -> 0 | AU35: =AS35*AT35 -> 0 | AW35: =VLOOKUP(AV35,'DATABASE F&B'!$C$3:$F$216,2,0) -> 0 | AY35: =VLOOKUP(AV35,'DATABASE F&B'!$C$3:$F$216,4,0) -> 0 | AZ35: =AX35*AY35 -> 0 | BB35: =VLOOKUP(BA35,'DATABASE F&B'!$C$3:$F$216,2,0) -> 0 | BD35: =VLOOKUP(BA35,'DATABASE F&B'!$C$3:$F$216,4,0) -> 0 | BE35: =BC35*BD35 -> 0 | BG35: =VLOOKUP(BF35,'DATABASE F&B'!$C$3:$F$216,2,0) -> 0 | BI35: =VLOOKUP(BF35,'DATABASE F&B'!$C$3:$F$216,4,0) -> 0 | BJ35: =BH35*BI35 -> 0 | BL35: =VLOOKUP(BK35,'DATABASE F&B'!$C$3:$F$210,2,0) -> 0 | BN35: =VLOOKUP(BK35,'DATABASE F&B'!$C$3:$F$210,4,0) -> 0 | BO35: =BM35*BN35 -> 0 | BQ35: =VLOOKUP(BP35,'DATABASE F&B'!$C$3:$F$210,2,0) -> 0 | BS35: =VLOOKUP(BP35,'DATABASE F&B'!$C$3:$F$210,4,0) -> 0 | BT35: =BR35*BS35 -> 0 | BV35: =VLOOKUP(BU35,'DATABASE F&B'!$C$3:$F$210,2,0) -> 0 | BX35: =VLOOKUP(BU35,'DATABASE F&B'!$C$3:$F$210,4,0) -> 0 | BY35: =BW35*BX35 -> 0 | CA35: =VLOOKUP(BZ35,'DATABASE F&B'!$C$3:$F$210,2,0) -> 0 | CC35: =VLOOKUP(BZ35,'DATABASE F&B'!$C$3:$F$210,4,0) -> 0 | CD35: =CB35*CC35 -> 0
A36: =CONCATENATE(F36,"-",E36,"-20",G36) -> 05-'06-2026 | B36: =B35+1 -> 32 | C36: =C35+1 -> 32 | D36: 46148 | E36: '06 | F36: 05 | G36: 26 | H36: =CONCATENATE("RJ","-",E36,F36,G36,"-",B36) -> RJ-'060526-32 | I36: =CONCATENATE(E36,"-",F36,"-20",G36) -> '06-05-2026 | J36: =VLOOKUP(D36,Laporan!$C$4:$D$34,2,0) -> Rabu | L36: Bar | M36: =SUMIF('DATABASE Room'!$B$3:$B$7,L36,'DATABASE Room'!$D$3:$D$7) -> 0 | N36: 1 | O36: =N36*M36 -> 0 | Q36: =P36*M36 -> 0 | R36: =O36+Q36 -> 0 | S36: =SUMIF($W$4:$CD$4,$S$4,W36:CD36) -> 5 | T36: =SUMIF($W$4:$CD$4,$T$4,W36:CD36) -> 20000 | U36: =R36+T36 -> 20000 | W36: 56 | X36: =VLOOKUP(W36,'DATABASE F&B'!$C$3:$F$216,2,0) -> BEAR BRAND 189ML | Y36: 1 | Z36: =VLOOKUP(W36,'DATABASE F&B'!$C$3:$F$216,4,0) -> 20000 | AA36: =Y36*Z36 -> 20000 | AC36: =VLOOKUP(AB36,'DATABASE F&B'!$C$3:$F$216,2,0) -> 0 | AD36: 1 | AE36: =VLOOKUP(AB36,'DATABASE F&B'!$C$3:$F$216,4,0) -> 0 | AF36: =AD36*AE36 -> 0 | AH36: =VLOOKUP(AG36,'DATABASE F&B'!$C$3:$F$216,2,0) -> 0 | AI36: 1 | AJ36: =VLOOKUP(AG36,'DATABASE F&B'!$C$3:$F$216,4,0) -> 0 | AK36: =AI36*AJ36 -> 0 | AM36: =VLOOKUP(AL36,'DATABASE F&B'!$C$3:$F$216,2,0) -> 0 | AN36: 1 | AO36: =VLOOKUP(AL36,'DATABASE F&B'!$C$3:$F$216,4,0) -> 0 | AP36: =AN36*AO36 -> 0 | AR36: =VLOOKUP(AQ36,'DATABASE F&B'!$C$3:$F$216,2,0) -> 0 | AS36: 1 | AT36: =VLOOKUP(AQ36,'DATABASE F&B'!$C$3:$F$216,4,0) -> 0 | AU36: =AS36*AT36 -> 0 | AW36: =VLOOKUP(AV36,'DATABASE F&B'!$C$3:$F$216,2,0) -> 0 | AY36: =VLOOKUP(AV36,'DATABASE F&B'!$C$3:$F$216,4,0) -> 0 | AZ36: =AX36*AY36 -> 0 | BB36: =VLOOKUP(BA36,'DATABASE F&B'!$C$3:$F$216,2,0) -> 0 | BD36: =VLOOKUP(BA36,'DATABASE F&B'!$C$3:$F$216,4,0) -> 0 | BE36: =BC36*BD36 -> 0 | BG36: =VLOOKUP(BF36,'DATABASE F&B'!$C$3:$F$216,2,0) -> 0 | BI36: =VLOOKUP(BF36,'DATABASE F&B'!$C$3:$F$216,4,0) -> 0 | BJ36: =BH36*BI36 -> 0 | BL36: =VLOOKUP(BK36,'DATABASE F&B'!$C$3:$F$210,2,0) -> 0 | BN36: =VLOOKUP(BK36,'DATABASE F&B'!$C$3:$F$210,4,0) -> 0 | BO36: =BM36*BN36 -> 0 | BQ36: =VLOOKUP(BP36,'DATABASE F&B'!$C$3:$F$210,2,0) -> 0 | BS36: =VLOOKUP(BP36,'DATABASE F&B'!$C$3:$F$210,4,0) -> 0 | BT36: =BR36*BS36 -> 0 | BV36: =VLOOKUP(BU36,'DATABASE F&B'!$C$3:$F$210,2,0) -> 0 | BX36: =VLOOKUP(BU36,'DATABASE F&B'!$C$3:$F$210,4,0) -> 0 | BY36: =BW36*BX36 -> 0 | CA36: =VLOOKUP(BZ36,'DATABASE F&B'!$C$3:$F$210,2,0) -> 0 | CC36: =VLOOKUP(BZ36,'DATABASE F&B'!$C$3:$F$210,4,0) -> 0 | CD36: =CB36*CC36 -> 0
A37: =CONCATENATE(F37,"-",E37,"-20",G37) -> 05-'06-2026 | B37: =B36+1 -> 33 | C37: =C36+1 -> 33 | D37: 46148 | E37: '06 | F37: 05 | G37: 26 | H37: =CONCATENATE("RJ","-",E37,F37,G37,"-",B37) -> RJ-'060526-33 | I37: =CONCATENATE(E37,"-",F37,"-20",G37) -> '06-05-2026 | J37: =VLOOKUP(D37,Laporan!$C$4:$D$34,2,0) -> Rabu | L37: Bar | M37: =SUMIF('DATABASE Room'!$B$3:$B$7,L37,'DATABASE Room'!$D$3:$D$7) -> 0 | N37: 1 | O37: =N37*M37 -> 0 | Q37: =P37*M37 -> 0 | R37: =O37+Q37 -> 0 | S37: =SUMIF($W$4:$CD$4,$S$4,W37:CD37) -> 5 | T37: =SUMIF($W$4:$CD$4,$T$4,W37:CD37) -> 29000 | U37: =R37+T37 -> 29000 | W37: 57 | X37: =VLOOKUP(W37,'DATABASE F&B'!$C$3:$F$216,2,0) -> KOPI REDJEKI | Y37: 1 | Z37: =VLOOKUP(W37,'DATABASE F&B'!$C$3:$F$216,4,0) -> 29000 | AA37: =Y37*Z37 -> 29000 | AC37: =VLOOKUP(AB37,'DATABASE F&B'!$C$3:$F$216,2,0) -> 0 | AD37: 1 | AE37: =VLOOKUP(AB37,'DATABASE F&B'!$C$3:$F$216,4,0) -> 0 | AF37: =AD37*AE37 -> 0 | AH37: =VLOOKUP(AG37,'DATABASE F&B'!$C$3:$F$216,2,0) -> 0 | AI37: 1 | AJ37: =VLOOKUP(AG37,'DATABASE F&B'!$C$3:$F$216,4,0) -> 0 | AK37: =AI37*AJ37 -> 0 | AM37: =VLOOKUP(AL37,'DATABASE F&B'!$C$3:$F$216,2,0) -> 0 | AN37: 1 | AO37: =VLOOKUP(AL37,'DATABASE F&B'!$C$3:$F$216,4,0) -> 0 | AP37: =AN37*AO37 -> 0 | AR37: =VLOOKUP(AQ37,'DATABASE F&B'!$C$3:$F$216,2,0) -> 0 | AS37: 1 | AT37: =VLOOKUP(AQ37,'DATABASE F&B'!$C$3:$F$216,4,0) -> 0 | AU37: =AS37*AT37 -> 0 | AW37: =VLOOKUP(AV37,'DATABASE F&B'!$C$3:$F$216,2,0) -> 0 | AY37: =VLOOKUP(AV37,'DATABASE F&B'!$C$3:$F$216,4,0) -> 0 | AZ37: =AX37*AY37 -> 0 | BB37: =VLOOKUP(BA37,'DATABASE F&B'!$C$3:$F$216,2,0) -> 0 | BD37: =VLOOKUP(BA37,'DATABASE F&B'!$C$3:$F$216,4,0) -> 0 | BE37: =BC37*BD37 -> 0 | BG37: =VLOOKUP(BF37,'DATABASE F&B'!$C$3:$F$216,2,0) -> 0 | BI37: =VLOOKUP(BF37,'DATABASE F&B'!$C$3:$F$216,4,0) -> 0 | BJ37: =BH37*BI37 -> 0 | BL37: =VLOOKUP(BK37,'DATABASE F&B'!$C$3:$F$210,2,0) -> 0 | BN37: =VLOOKUP(BK37,'DATABASE F&B'!$C$3:$F$210,4,0) -> 0 | BO37: =BM37*BN37 -> 0 | BQ37: =VLOOKUP(BP37,'DATABASE F&B'!$C$3:$F$210,2,0) -> 0 | BS37: =VLOOKUP(BP37,'DATABASE F&B'!$C$3:$F$210,4,0) -> 0 | BT37: =BR37*BS37 -> 0 | BV37: =VLOOKUP(BU37,'DATABASE F&B'!$C$3:$F$210,2,0) -> 0 | BX37: =VLOOKUP(BU37,'DATABASE F&B'!$C$3:$F$210,4,0) -> 0 | BY37: =BW37*BX37 -> 0 | CA37: =VLOOKUP(BZ37,'DATABASE F&B'!$C$3:$F$210,2,0) -> 0 | CC37: =VLOOKUP(BZ37,'DATABASE F&B'!$C$3:$F$210,4,0) -> 0 | CD37: =CB37*CC37 -> 0
A38: =CONCATENATE(F38,"-",E38,"-20",G38) -> 05-'06-2026 | B38: =B37+1 -> 34 | C38: =C37+1 -> 34 | D38: 46148 | E38: '06 | F38: 05 | G38: 26 | H38: =CONCATENATE("RJ","-",E38,F38,G38,"-",B38) -> RJ-'060526-34 | I38: =CONCATENATE(E38,"-",F38,"-20",G38) -> '06-05-2026 | J38: =VLOOKUP(D38,Laporan!$C$4:$D$34,2,0) -> Rabu | L38: Bar | M38: =SUMIF('DATABASE Room'!$B$3:$B$7,L38,'DATABASE Room'!$D$3:$D$7) -> 0 | N38: 1 | O38: =N38*M38 -> 0 | Q38: =P38*M38 -> 0 | R38: =O38+Q38 -> 0 | S38: =SUMIF($W$4:$CD$4,$S$4,W38:CD38) -> 5 | T38: =SUMIF($W$4:$CD$4,$T$4,W38:CD38) -> 52000 | U38: =R38+T38 -> 52000 | W38: 58 | X38: =VLOOKUP(W38,'DATABASE F&B'!$C$3:$F$216,2,0) -> KOPSU REDJEKI | Y38: 1 | Z38: =VLOOKUP(W38,'DATABASE F&B'!$C$3:$F$216,4,0) -> 29000 | AA38: =Y38*Z38 -> 29000 | AB38: 30 | AC38: =VLOOKUP(AB38,'DATABASE F&B'!$C$3:$F$216,2,0) -> MENDOAN | AD38: 1 | AE38: =VLOOKUP(AB38,'DATABASE F&B'!$C$3:$F$216,4,0) -> 23000 | AF38: =AD38*AE38 -> 23000 | AH38: =VLOOKUP(AG38,'DATABASE F&B'!$C$3:$F$216,2,0) -> 0 | AI38: 1 | AJ38: =VLOOKUP(AG38,'DATABASE F&B'!$C$3:$F$216,4,0) -> 0 | AK38: =AI38*AJ38 -> 0 | AM38: =VLOOKUP(AL38,'DATABASE F&B'!$C$3:$F$216,2,0) -> 0 | AN38: 1 | AO38: =VLOOKUP(AL38,'DATABASE F&B'!$C$3:$F$216,4,0) -> 0 | AP38: =AN38*AO38 -> 0 | AR38: =VLOOKUP(AQ38,'DATABASE F&B'!$C$3:$F$216,2,0) -> 0 | AS38: 1 | AT38: =VLOOKUP(AQ38,'DATABASE F&B'!$C$3:$F$216,4,0) -> 0 | AU38: =AS38*AT38 -> 0 | AW38: =VLOOKUP(AV38,'DATABASE F&B'!$C$3:$F$216,2,0) -> 0 | AY38: =VLOOKUP(AV38,'DATABASE F&B'!$C$3:$F$216,4,0) -> 0 | AZ38: =AX38*AY38 -> 0 | BB38: =VLOOKUP(BA38,'DATABASE F&B'!$C$3:$F$216,2,0) -> 0 | BD38: =VLOOKUP(BA38,'DATABASE F&B'!$C$3:$F$216,4,0) -> 0 | BE38: =BC38*BD38 -> 0 | BG38: =VLOOKUP(BF38,'DATABASE F&B'!$C$3:$F$216,2,0) -> 0 | BI38: =VLOOKUP(BF38,'DATABASE F&B'!$C$3:$F$216,4,0) -> 0 | BJ38: =BH38*BI38 -> 0 | BL38: =VLOOKUP(BK38,'DATABASE F&B'!$C$3:$F$210,2,0) -> 0 | BN38: =VLOOKUP(BK38,'DATABASE F&B'!$C$3:$F$210,4,0) -> 0 | BO38: =BM38*BN38 -> 0 | BQ38: =VLOOKUP(BP38,'DATABASE F&B'!$C$3:$F$210,2,0) -> 0 | BS38: =VLOOKUP(BP38,'DATABASE F&B'!$C$3:$F$210,4,0) -> 0 | BT38: =BR38*BS38 -> 0 | BV38: =VLOOKUP(BU38,'DATABASE F&B'!$C$3:$F$210,2,0) -> 0 | BX38: =VLOOKUP(BU38,'DATABASE F&B'!$C$3:$F$210,4,0) -> 0 | BY38: =BW38*BX38 -> 0 | CA38: =VLOOKUP(BZ38,'DATABASE F&B'!$C$3:$F$210,2,0) -> 0 | CC38: =VLOOKUP(BZ38,'DATABASE F&B'!$C$3:$F$210,4,0) -> 0 | CD38: =CB38*CC38 -> 0
A39: =CONCATENATE(F39,"-",E39,"-20",G39) -> 05-'06-2026 | B39: =B38+1 -> 35 | C39: =C38+1 -> 35 | D39: 46148 | E39: '06 | F39: 05 | G39: 26 | H39: =CONCATENATE("RJ","-",E39,F39,G39,"-",B39) -> RJ-'060526-35 | I39: =CONCATENATE(E39,"-",F39,"-20",G39) -> '06-05-2026 | J39: =VLOOKUP(D39,Laporan!$C$4:$D$34,2,0) -> Rabu | L39: Bar | M39: =SUMIF('DATABASE Room'!$B$3:$B$7,L39,'DATABASE Room'!$D$3:$D$7) -> 0 | N39: 1 | O39: =N39*M39 -> 0 | Q39: =P39*M39 -> 0 | R39: =O39+Q39 -> 0 | S39: =SUMIF($W$4:$CD$4,$S$4,W39:CD39) -> 5 | T39: =SUMIF($W$4:$CD$4,$T$4,W39:CD39) -> 27500 | U39: =R39+T39 -> 27500 | W39: 59 | X39: =VLOOKUP(W39,'DATABASE F&B'!$C$3:$F$216,2,0) -> KOPI AMERICANO | Y39: 1 | Z39: =VLOOKUP(W39,'DATABASE F&B'!$C$3:$F$216,4,0) -> 27500 | AA39: =Y39*Z39 -> 27500 | AC39: =VLOOKUP(AB39,'DATABASE F&B'!$C$3:$F$216,2,0) -> 0 | AD39: 1 | AE39: =VLOOKUP(AB39,'DATABASE F&B'!$C$3:$F$216,4,0) -> 0 | AF39: =AD39*AE39 -> 0 | AH39: =VLOOKUP(AG39,'DATABASE F&B'!$C$3:$F$216,2,0) -> 0 | AI39: 1 | AJ39: =VLOOKUP(AG39,'DATABASE F&B'!$C$3:$F$216,4,0) -> 0 | AK39: =AI39*AJ39 -> 0 | AM39: =VLOOKUP(AL39,'DATABASE F&B'!$C$3:$F$216,2,0) -> 0 | AN39: 1 | AO39: =VLOOKUP(AL39,'DATABASE F&B'!$C$3:$F$216,4,0) -> 0 | AP39: =AN39*AO39 -> 0 | AR39: =VLOOKUP(AQ39,'DATABASE F&B'!$C$3:$F$216,2,0) -> 0 | AS39: 1 | AT39: =VLOOKUP(AQ39,'DATABASE F&B'!$C$3:$F$216,4,0) -> 0 | AU39: =AS39*AT39 -> 0 | AW39: =VLOOKUP(AV39,'DATABASE F&B'!$C$3:$F$216,2,0) -> 0 | AY39: =VLOOKUP(AV39,'DATABASE F&B'!$C$3:$F$216,4,0) -> 0 | AZ39: =AX39*AY39 -> 0 | BB39: =VLOOKUP(BA39,'DATABASE F&B'!$C$3:$F$216,2,0) -> 0 | BD39: =VLOOKUP(BA39,'DATABASE F&B'!$C$3:$F$216,4,0) -> 0 | BE39: =BC39*BD39 -> 0 | BG39: =VLOOKUP(BF39,'DATABASE F&B'!$C$3:$F$216,2,0) -> 0 | BI39: =VLOOKUP(BF39,'DATABASE F&B'!$C$3:$F$216,4,0) -> 0 | BJ39: =BH39*BI39 -> 0 | BL39: =VLOOKUP(BK39,'DATABASE F&B'!$C$3:$F$210,2,0) -> 0 | BN39: =VLOOKUP(BK39,'DATABASE F&B'!$C$3:$F$210,4,0) -> 0 | BO39: =BM39*BN39 -> 0 | BQ39: =VLOOKUP(BP39,'DATABASE F&B'!$C$3:$F$210,2,0) -> 0 | BS39: =VLOOKUP(BP39,'DATABASE F&B'!$C$3:$F$210,4,0) -> 0 | BT39: =BR39*BS39 -> 0 | BV39: =VLOOKUP(BU39,'DATABASE F&B'!$C$3:$F$210,2,0) -> 0 | BX39: =VLOOKUP(BU39,'DATABASE F&B'!$C$3:$F$210,4,0) -> 0 | BY39: =BW39*BX39 -> 0 | CA39: =VLOOKUP(BZ39,'DATABASE F&B'!$C$3:$F$210,2,0) -> 0 | CC39: =VLOOKUP(BZ39,'DATABASE F&B'!$C$3:$F$210,4,0) -> 0 | CD39: =CB39*CC39 -> 0
A40: =CONCATENATE(F40,"-",E40,"-20",G40) -> 05-'06-2026 | B40: =B39+1 -> 36 | C40: =C39+1 -> 36 | D40: 46148 | E40: '06 | F40: 05 | G40: 26 | H40: =CONCATENATE("RJ","-",E40,F40,G40,"-",B40) -> RJ-'060526-36 | I40: =CONCATENATE(E40,"-",F40,"-20",G40) -> '06-05-2026 | J40: =VLOOKUP(D40,Laporan!$C$4:$D$34,2,0) -> Rabu | L40: Bar | M40: =SUMIF('DATABASE Room'!$B$3:$B$7,L40,'DATABASE Room'!$D$3:$D$7) -> 0 | N40: 1 | O40: =N40*M40 -> 0 | Q40: =P40*M40 -> 0 | R40: =O40+Q40 -> 0 | S40: =SUMIF($W$4:$CD$4,$S$4,W40:CD40) -> 5 | T40: =SUMIF($W$4:$CD$4,$T$4,W40:CD40) -> 30000 | U40: =R40+T40 -> 30000 | W40: 60 | X40: =VLOOKUP(W40,'DATABASE F&B'!$C$3:$F$216,2,0) -> ANKER PINEAPPLE 330 ML | Y40: 1 | Z40: =VLOOKUP(W40,'DATABASE F&B'!$C$3:$F$216,4,0) -> 30000 | AA40: =Y40*Z40 -> 30000 | AC40: =VLOOKUP(AB40,'DATABASE F&B'!$C$3:$F$216,2,0) -> 0 | AD40: 1 | AE40: =VLOOKUP(AB40,'DATABASE F&B'!$C$3:$F$216,4,0) -> 0 | AF40: =AD40*AE40 -> 0 | AH40: =VLOOKUP(AG40,'DATABASE F&B'!$C$3:$F$216,2,0) -> 0 | AI40: 1 | AJ40: =VLOOKUP(AG40,'DATABASE F&B'!$C$3:$F$216,4,0) -> 0 | AK40: =AI40*AJ40 -> 0 | AM40: =VLOOKUP(AL40,'DATABASE F&B'!$C$3:$F$216,2,0) -> 0 | AN40: 1 | AO40: =VLOOKUP(AL40,'DATABASE F&B'!$C$3:$F$216,4,0) -> 0 | AP40: =AN40*AO40 -> 0 | AR40: =VLOOKUP(AQ40,'DATABASE F&B'!$C$3:$F$216,2,0) -> 0 | AS40: 1 | AT40: =VLOOKUP(AQ40,'DATABASE F&B'!$C$3:$F$216,4,0) -> 0 | AU40: =AS40*AT40 -> 0 | AW40: =VLOOKUP(AV40,'DATABASE F&B'!$C$3:$F$216,2,0) -> 0 | AY40: =VLOOKUP(AV40,'DATABASE F&B'!$C$3:$F$216,4,0) -> 0 | AZ40: =AX40*AY40 -> 0 | BB40: =VLOOKUP(BA40,'DATABASE F&B'!$C$3:$F$216,2,0) -> 0 | BD40: =VLOOKUP(BA40,'DATABASE F&B'!$C$3:$F$216,4,0) -> 0 | BE40: =BC40*BD40 -> 0 | BG40: =VLOOKUP(BF40,'DATABASE F&B'!$C$3:$F$216,2,0) -> 0 | BI40: =VLOOKUP(BF40,'DATABASE F&B'!$C$3:$F$216,4,0) -> 0 | BJ40: =BH40*BI40 -> 0 | BL40: =VLOOKUP(BK40,'DATABASE F&B'!$C$3:$F$210,2,0) -> 0 | BN40: =VLOOKUP(BK40,'DATABASE F&B'!$C$3:$F$210,4,0) -> 0 | BO40: =BM40*BN40 -> 0 | BQ40: =VLOOKUP(BP40,'DATABASE F&B'!$C$3:$F$210,2,0) -> 0 | BS40: =VLOOKUP(BP40,'DATABASE F&B'!$C$3:$F$210,4,0) -> 0 | BT40: =BR40*BS40 -> 0 | BV40: =VLOOKUP(BU40,'DATABASE F&B'!$C$3:$F$210,2,0) -> 0 | BX40: =VLOOKUP(BU40,'DATABASE F&B'!$C$3:$F$210,4,0) -> 0 | BY40: =BW40*BX40 -> 0 | CA40: =VLOOKUP(BZ40,'DATABASE F&B'!$C$3:$F$210,2,0) -> 0 | CC40: =VLOOKUP(BZ40,'DATABASE F&B'!$C$3:$F$210,4,0) -> 0 | CD40: =CB40*CC40 -> 0
A41: =CONCATENATE(F41,"-",E41,"-20",G41) -> 05-'06-2026 | B41: =B40+1 -> 37 | C41: =C40+1 -> 37 | D41: 46148 | E41: '06 | F41: 05 | G41: 26 | H41: =CONCATENATE("RJ","-",E41,F41,G41,"-",B41) -> RJ-'060526-37 | I41: =CONCATENATE(E41,"-",F41,"-20",G41) -> '06-05-2026 | J41: =VLOOKUP(D41,Laporan!$C$4:$D$34,2,0) -> Rabu | L41: Bar | M41: =SUMIF('DATABASE Room'!$B$3:$B$7,L41,'DATABASE Room'!$D$3:$D$7) -> 0 | N41: 1 | O41: =N41*M41 -> 0 | Q41: =P41*M41 -> 0 | R41: =O41+Q41 -> 0 | S41: =SUMIF($W$4:$CD$4,$S$4,W41:CD41) -> 5 | T41: =SUMIF($W$4:$CD$4,$T$4,W41:CD41) -> 30000 | U41: =R41+T41 -> 30000 | W41: 61 | X41: =VLOOKUP(W41,'DATABASE F&B'!$C$3:$F$216,2,0) -> ANKER PINT | Y41: 1 | Z41: =VLOOKUP(W41,'DATABASE F&B'!$C$3:$F$216,4,0) -> 30000 | AA41: =Y41*Z41 -> 30000 | AC41: =VLOOKUP(AB41,'DATABASE F&B'!$C$3:$F$216,2,0) -> 0 | AD41: 1 | AE41: =VLOOKUP(AB41,'DATABASE F&B'!$C$3:$F$216,4,0) -> 0 | AF41: =AD41*AE41 -> 0 | AH41: =VLOOKUP(AG41,'DATABASE F&B'!$C$3:$F$216,2,0) -> 0 | AI41: 1 | AJ41: =VLOOKUP(AG41,'DATABASE F&B'!$C$3:$F$216,4,0) -> 0 | AK41: =AI41*AJ41 -> 0 | AM41: =VLOOKUP(AL41,'DATABASE F&B'!$C$3:$F$216,2,0) -> 0 | AN41: 1 | AO41: =VLOOKUP(AL41,'DATABASE F&B'!$C$3:$F$216,4,0) -> 0 | AP41: =AN41*AO41 -> 0 | AR41: =VLOOKUP(AQ41,'DATABASE F&B'!$C$3:$F$216,2,0) -> 0 | AS41: 1 | AT41: =VLOOKUP(AQ41,'DATABASE F&B'!$C$3:$F$216,4,0) -> 0 | AU41: =AS41*AT41 -> 0 | AW41: =VLOOKUP(AV41,'DATABASE F&B'!$C$3:$F$216,2,0) -> 0 | AY41: =VLOOKUP(AV41,'DATABASE F&B'!$C$3:$F$216,4,0) -> 0 | AZ41: =AX41*AY41 -> 0 | BB41: =VLOOKUP(BA41,'DATABASE F&B'!$C$3:$F$216,2,0) -> 0 | BD41: =VLOOKUP(BA41,'DATABASE F&B'!$C$3:$F$216,4,0) -> 0 | BE41: =BC41*BD41 -> 0 | BG41: =VLOOKUP(BF41,'DATABASE F&B'!$C$3:$F$216,2,0) -> 0 | BI41: =VLOOKUP(BF41,'DATABASE F&B'!$C$3:$F$216,4,0) -> 0 | BJ41: =BH41*BI41 -> 0 | BL41: =VLOOKUP(BK41,'DATABASE F&B'!$C$3:$F$210,2,0) -> 0 | BN41: =VLOOKUP(BK41,'DATABASE F&B'!$C$3:$F$210,4,0) -> 0 | BO41: =BM41*BN41 -> 0 | BQ41: =VLOOKUP(BP41,'DATABASE F&B'!$C$3:$F$210,2,0) -> 0 | BS41: =VLOOKUP(BP41,'DATABASE F&B'!$C$3:$F$210,4,0) -> 0 | BT41: =BR41*BS41 -> 0 | BV41: =VLOOKUP(BU41,'DATABASE F&B'!$C$3:$F$210,2,0) -> 0 | BX41: =VLOOKUP(BU41,'DATABASE F&B'!$C$3:$F$210,4,0) -> 0 | BY41: =BW41*BX41 -> 0 | CA41: =VLOOKUP(BZ41,'DATABASE F&B'!$C$3:$F$210,2,0) -> 0 | CC41: =VLOOKUP(BZ41,'DATABASE F&B'!$C$3:$F$210,4,0) -> 0 | CD41: =CB41*CC41 -> 0
A42: =CONCATENATE(F42,"-",E42,"-20",G42) -> 05-'07-2026 | B42: =B41+1 -> 38 | C42: =C41+1 -> 38 | D42: 46149 | E42: '07 | F42: 05 | G42: 26 | H42: =CONCATENATE("RJ","-",E42,F42,G42,"-",B42) -> RJ-'070526-38 | I42: =CONCATENATE(E42,"-",F42,"-20",G42) -> '07-05-2026 | J42: =VLOOKUP(D42,Laporan!$C$4:$D$34,2,0) -> Kamis | L42: Bar | M42: =SUMIF('DATABASE Room'!$B$3:$B$7,L42,'DATABASE Room'!$D$3:$D$7) -> 0 | N42: 1 | O42: =N42*M42 -> 0 | Q42: =P42*M42 -> 0 | R42: =O42+Q42 -> 0 | S42: =SUMIF($W$4:$CD$4,$S$4,W42:CD42) -> 5 | T42: =SUMIF($W$4:$CD$4,$T$4,W42:CD42) -> 35000 | U42: =R42+T42 -> 35000 | W42: 62 | X42: =VLOOKUP(W42,'DATABASE F&B'!$C$3:$F$216,2,0) -> ANKER PILSENER PINT 330 ML | Y42: 1 | Z42: =VLOOKUP(W42,'DATABASE F&B'!$C$3:$F$216,4,0) -> 35000 | AA42: =Y42*Z42 -> 35000 | AC42: =VLOOKUP(AB42,'DATABASE F&B'!$C$3:$F$216,2,0) -> 0 | AD42: 1 | AE42: =VLOOKUP(AB42,'DATABASE F&B'!$C$3:$F$216,4,0) -> 0 | AF42: =AD42*AE42 -> 0 | AH42: =VLOOKUP(AG42,'DATABASE F&B'!$C$3:$F$216,2,0) -> 0 | AI42: 1 | AJ42: =VLOOKUP(AG42,'DATABASE F&B'!$C$3:$F$216,4,0) -> 0 | AK42: =AI42*AJ42 -> 0 | AM42: =VLOOKUP(AL42,'DATABASE F&B'!$C$3:$F$216,2,0) -> 0 | AN42: 1 | AO42: =VLOOKUP(AL42,'DATABASE F&B'!$C$3:$F$216,4,0) -> 0 | AP42: =AN42*AO42 -> 0 | AR42: =VLOOKUP(AQ42,'DATABASE F&B'!$C$3:$F$216,2,0) -> 0 | AS42: 1 | AT42: =VLOOKUP(AQ42,'DATABASE F&B'!$C$3:$F$216,4,0) -> 0 | AU42: =AS42*AT42 -> 0 | AW42: =VLOOKUP(AV42,'DATABASE F&B'!$C$3:$F$216,2,0) -> 0 | AY42: =VLOOKUP(AV42,'DATABASE F&B'!$C$3:$F$216,4,0) -> 0 | AZ42: =AX42*AY42 -> 0 | BB42: =VLOOKUP(BA42,'DATABASE F&B'!$C$3:$F$216,2,0) -> 0 | BD42: =VLOOKUP(BA42,'DATABASE F&B'!$C$3:$F$216,4,0) -> 0 | BE42: =BC42*BD42 -> 0 | BG42: =VLOOKUP(BF42,'DATABASE F&B'!$C$3:$F$216,2,0) -> 0 | BI42: =VLOOKUP(BF42,'DATABASE F&B'!$C$3:$F$216,4,0) -> 0 | BJ42: =BH42*BI42 -> 0 | BL42: =VLOOKUP(BK42,'DATABASE F&B'!$C$3:$F$210,2,0) -> 0 | BN42: =VLOOKUP(BK42,'DATABASE F&B'!$C$3:$F$210,4,0) -> 0 | BO42: =BM42*BN42 -> 0 | BQ42: =VLOOKUP(BP42,'DATABASE F&B'!$C$3:$F$210,2,0) -> 0 | BS42: =VLOOKUP(BP42,'DATABASE F&B'!$C$3:$F$210,4,0) -> 0 | BT42: =BR42*BS42 -> 0 | BV42: =VLOOKUP(BU42,'DATABASE F&B'!$C$3:$F$210,2,0) -> 0 | BX42: =VLOOKUP(BU42,'DATABASE F&B'!$C$3:$F$210,4,0) -> 0 | BY42: =BW42*BX42 -> 0 | CA42: =VLOOKUP(BZ42,'DATABASE F&B'!$C$3:$F$210,2,0) -> 0 | CC42: =VLOOKUP(BZ42,'DATABASE F&B'!$C$3:$F$210,4,0) -> 0 | CD42: =CB42*CC42 -> 0
A43: =CONCATENATE(F43,"-",E43,"-20",G43) -> 05-'07-2026 | B43: =B42+1 -> 39 | C43: =C42+1 -> 39 | D43: 46149 | E43: '07 | F43: 05 | G43: 26 | H43: =CONCATENATE("RJ","-",E43,F43,G43,"-",B43) -> RJ-'070526-39 | I43: =CONCATENATE(E43,"-",F43,"-20",G43) -> '07-05-2026 | J43: =VLOOKUP(D43,Laporan!$C$4:$D$34,2,0) -> Kamis | L43: Bar | M43: =SUMIF('DATABASE Room'!$B$3:$B$7,L43,'DATABASE Room'!$D$3:$D$7) -> 0 | N43: 1 | O43: =N43*M43 -> 0 | Q43: =P43*M43 -> 0 | R43: =O43+Q43 -> 0 | S43: =SUMIF($W$4:$CD$4,$S$4,W43:CD43) -> 5 | T43: =SUMIF($W$4:$CD$4,$T$4,W43:CD43) -> 35000 | U43: =R43+T43 -> 35000 | W43: 63 | X43: =VLOOKUP(W43,'DATABASE F&B'!$C$3:$F$216,2,0) -> ANKER LYCHEE 330ML | Y43: 1 | Z43: =VLOOKUP(W43,'DATABASE F&B'!$C$3:$F$216,4,0) -> 35000 | AA43: =Y43*Z43 -> 35000 | AC43: =VLOOKUP(AB43,'DATABASE F&B'!$C$3:$F$216,2,0) -> 0 | AD43: 1 | AE43: =VLOOKUP(AB43,'DATABASE F&B'!$C$3:$F$216,4,0) -> 0 | AF43: =AD43*AE43 -> 0 | AH43: =VLOOKUP(AG43,'DATABASE F&B'!$C$3:$F$216,2,0) -> 0 | AI43: 1 | AJ43: =VLOOKUP(AG43,'DATABASE F&B'!$C$3:$F$216,4,0) -> 0 | AK43: =AI43*AJ43 -> 0 | AM43: =VLOOKUP(AL43,'DATABASE F&B'!$C$3:$F$216,2,0) -> 0 | AN43: 1 | AO43: =VLOOKUP(AL43,'DATABASE F&B'!$C$3:$F$216,4,0) -> 0 | AP43: =AN43*AO43 -> 0 | AR43: =VLOOKUP(AQ43,'DATABASE F&B'!$C$3:$F$216,2,0) -> 0 | AS43: 1 | AT43: =VLOOKUP(AQ43,'DATABASE F&B'!$C$3:$F$216,4,0) -> 0 | AU43: =AS43*AT43 -> 0 | AW43: =VLOOKUP(AV43,'DATABASE F&B'!$C$3:$F$216,2,0) -> 0 | AY43: =VLOOKUP(AV43,'DATABASE F&B'!$C$3:$F$216,4,0) -> 0 | AZ43: =AX43*AY43 -> 0 | BB43: =VLOOKUP(BA43,'DATABASE F&B'!$C$3:$F$216,2,0) -> 0 | BD43: =VLOOKUP(BA43,'DATABASE F&B'!$C$3:$F$216,4,0) -> 0 | BE43: =BC43*BD43 -> 0 | BG43: =VLOOKUP(BF43,'DATABASE F&B'!$C$3:$F$216,2,0) -> 0 | BI43: =VLOOKUP(BF43,'DATABASE F&B'!$C$3:$F$216,4,0) -> 0 | BJ43: =BH43*BI43 -> 0 | BL43: =VLOOKUP(BK43,'DATABASE F&B'!$C$3:$F$210,2,0) -> 0 | BN43: =VLOOKUP(BK43,'DATABASE F&B'!$C$3:$F$210,4,0) -> 0 | BO43: =BM43*BN43 -> 0 | BQ43: =VLOOKUP(BP43,'DATABASE F&B'!$C$3:$F$210,2,0) -> 0 | BS43: =VLOOKUP(BP43,'DATABASE F&B'!$C$3:$F$210,4,0) -> 0 | BT43: =BR43*BS43 -> 0 | BV43: =VLOOKUP(BU43,'DATABASE F&B'!$C$3:$F$210,2,0) -> 0 | BX43: =VLOOKUP(BU43,'DATABASE F&B'!$C$3:$F$210,4,0) -> 0 | BY43: =BW43*BX43 -> 0 | CA43: =VLOOKUP(BZ43,'DATABASE F&B'!$C$3:$F$210,2,0) -> 0 | CC43: =VLOOKUP(BZ43,'DATABASE F&B'!$C$3:$F$210,4,0) -> 0 | CD43: =CB43*CC43 -> 0
A44: =CONCATENATE(F44,"-",E44,"-20",G44) -> 05-'07-2026 | B44: =B43+1 -> 40 | C44: =C43+1 -> 40 | D44: 46149 | E44: '07 | F44: 05 | G44: 26 | H44: =CONCATENATE("RJ","-",E44,F44,G44,"-",B44) -> RJ-'070526-40 | I44: =CONCATENATE(E44,"-",F44,"-20",G44) -> '07-05-2026 | J44: =VLOOKUP(D44,Laporan!$C$4:$D$34,2,0) -> Kamis | L44: Bar | M44: =SUMIF('DATABASE Room'!$B$3:$B$7,L44,'DATABASE Room'!$D$3:$D$7) -> 0 | N44: 1 | O44: =N44*M44 -> 0 | Q44: =P44*M44 -> 0 | R44: =O44+Q44 -> 0 | S44: =SUMIF($W$4:$CD$4,$S$4,W44:CD44) -> 5 | T44: =SUMIF($W$4:$CD$4,$T$4,W44:CD44) -> 195000 | U44: =R44+T44 -> 195000 | W44: 64 | X44: =VLOOKUP(W44,'DATABASE F&B'!$C$3:$F$216,2,0) -> KOPI BUTTERSCOTCH | Y44: 1 | Z44: =VLOOKUP(W44,'DATABASE F&B'!$C$3:$F$216,4,0) -> 35000 | AA44: =Y44*Z44 -> 35000 | AB44: 91 | AC44: =VLOOKUP(AB44,'DATABASE F&B'!$C$3:$F$216,2,0) -> ATLAS ANGGUR PEACH | AD44: 1 | AE44: =VLOOKUP(AB44,'DATABASE F&B'!$C$3:$F$216,4,0) -> 160000 | AF44: =AD44*AE44 -> 160000 | AH44: =VLOOKUP(AG44,'DATABASE F&B'!$C$3:$F$216,2,0) -> 0 | AI44: 1 | AJ44: =VLOOKUP(AG44,'DATABASE F&B'!$C$3:$F$216,4,0) -> 0 | AK44: =AI44*AJ44 -> 0 | AM44: =VLOOKUP(AL44,'DATABASE F&B'!$C$3:$F$216,2,0) -> 0 | AN44: 1 | AO44: =VLOOKUP(AL44,'DATABASE F&B'!$C$3:$F$216,4,0) -> 0 | AP44: =AN44*AO44 -> 0 | AR44: =VLOOKUP(AQ44,'DATABASE F&B'!$C$3:$F$216,2,0) -> 0 | AS44: 1 | AT44: =VLOOKUP(AQ44,'DATABASE F&B'!$C$3:$F$216,4,0) -> 0 | AU44: =AS44*AT44 -> 0 | AW44: =VLOOKUP(AV44,'DATABASE F&B'!$C$3:$F$216,2,0) -> 0 | AY44: =VLOOKUP(AV44,'DATABASE F&B'!$C$3:$F$216,4,0) -> 0 | AZ44: =AX44*AY44 -> 0 | BB44: =VLOOKUP(BA44,'DATABASE F&B'!$C$3:$F$216,2,0) -> 0 | BD44: =VLOOKUP(BA44,'DATABASE F&B'!$C$3:$F$216,4,0) -> 0 | BE44: =BC44*BD44 -> 0 | BG44: =VLOOKUP(BF44,'DATABASE F&B'!$C$3:$F$216,2,0) -> 0 | BI44: =VLOOKUP(BF44,'DATABASE F&B'!$C$3:$F$216,4,0) -> 0 | BJ44: =BH44*BI44 -> 0 | BL44: =VLOOKUP(BK44,'DATABASE F&B'!$C$3:$F$210,2,0) -> 0 | BN44: =VLOOKUP(BK44,'DATABASE F&B'!$C$3:$F$210,4,0) -> 0 | BO44: =BM44*BN44 -> 0 | BQ44: =VLOOKUP(BP44,'DATABASE F&B'!$C$3:$F$210,2,0) -> 0 | BS44: =VLOOKUP(BP44,'DATABASE F&B'!$C$3:$F$210,4,0) -> 0 | BT44: =BR44*BS44 -> 0 | BV44: =VLOOKUP(BU44,'DATABASE F&B'!$C$3:$F$210,2,0) -> 0 | BX44: =VLOOKUP(BU44,'DATABASE F&B'!$C$3:$F$210,4,0) -> 0 | BY44: =BW44*BX44 -> 0 | CA44: =VLOOKUP(BZ44,'DATABASE F&B'!$C$3:$F$210,2,0) -> 0 | CC44: =VLOOKUP(BZ44,'DATABASE F&B'!$C$3:$F$210,4,0) -> 0 | CD44: =CB44*CC44 -> 0
A45: =CONCATENATE(F45,"-",E45,"-20",G45) -> 05-'07-2026 | B45: =B44+1 -> 41 | C45: =C44+1 -> 41 | D45: 46149 | E45: '07 | F45: 05 | G45: 26 | H45: =CONCATENATE("RJ","-",E45,F45,G45,"-",B45) -> RJ-'070526-41 | I45: =CONCATENATE(E45,"-",F45,"-20",G45) -> '07-05-2026 | J45: =VLOOKUP(D45,Laporan!$C$4:$D$34,2,0) -> Kamis | L45: Bar | M45: =SUMIF('DATABASE Room'!$B$3:$B$7,L45,'DATABASE Room'!$D$3:$D$7) -> 0 | N45: 1 | O45: =N45*M45 -> 0 | Q45: =P45*M45 -> 0 | R45: =O45+Q45 -> 0 | S45: =SUMIF($W$4:$CD$4,$S$4,W45:CD45) -> 5 | T45: =SUMIF($W$4:$CD$4,$T$4,W45:CD45) -> 35000 | U45: =R45+T45 -> 35000 | W45: 65 | X45: =VLOOKUP(W45,'DATABASE F&B'!$C$3:$F$216,2,0) -> KOPI PISTACHIO | Y45: 1 | Z45: =VLOOKUP(W45,'DATABASE F&B'!$C$3:$F$216,4,0) -> 35000 | AA45: =Y45*Z45 -> 35000 | AC45: =VLOOKUP(AB45,'DATABASE F&B'!$C$3:$F$216,2,0) -> 0 | AD45: 1 | AE45: =VLOOKUP(AB45,'DATABASE F&B'!$C$3:$F$216,4,0) -> 0 | AF45: =AD45*AE45 -> 0 | AH45: =VLOOKUP(AG45,'DATABASE F&B'!$C$3:$F$216,2,0) -> 0 | AI45: 1 | AJ45: =VLOOKUP(AG45,'DATABASE F&B'!$C$3:$F$216,4,0) -> 0 | AK45: =AI45*AJ45 -> 0 | AM45: =VLOOKUP(AL45,'DATABASE F&B'!$C$3:$F$216,2,0) -> 0 | AN45: 1 | AO45: =VLOOKUP(AL45,'DATABASE F&B'!$C$3:$F$216,4,0) -> 0 | AP45: =AN45*AO45 -> 0 | AR45: =VLOOKUP(AQ45,'DATABASE F&B'!$C$3:$F$216,2,0) -> 0 | AS45: 1 | AT45: =VLOOKUP(AQ45,'DATABASE F&B'!$C$3:$F$216,4,0) -> 0 | AU45: =AS45*AT45 -> 0 | AW45: =VLOOKUP(AV45,'DATABASE F&B'!$C$3:$F$216,2,0) -> 0 | AY45: =VLOOKUP(AV45,'DATABASE F&B'!$C$3:$F$216,4,0) -> 0 | AZ45: =AX45*AY45 -> 0 | BB45: =VLOOKUP(BA45,'DATABASE F&B'!$C$3:$F$216,2,0) -> 0 | BD45: =VLOOKUP(BA45,'DATABASE F&B'!$C$3:$F$216,4,0) -> 0 | BE45: =BC45*BD45 -> 0 | BG45: =VLOOKUP(BF45,'DATABASE F&B'!$C$3:$F$216,2,0) -> 0 | BI45: =VLOOKUP(BF45,'DATABASE F&B'!$C$3:$F$216,4,0) -> 0 | BJ45: =BH45*BI45 -> 0 | BL45: =VLOOKUP(BK45,'DATABASE F&B'!$C$3:$F$210,2,0) -> 0 | BN45: =VLOOKUP(BK45,'DATABASE F&B'!$C$3:$F$210,4,0) -> 0 | BO45: =BM45*BN45 -> 0 | BQ45: =VLOOKUP(BP45,'DATABASE F&B'!$C$3:$F$210,2,0) -> 0 | BS45: =VLOOKUP(BP45,'DATABASE F&B'!$C$3:$F$210,4,0) -> 0 | BT45: =BR45*BS45 -> 0 | BV45: =VLOOKUP(BU45,'DATABASE F&B'!$C$3:$F$210,2,0) -> 0 | BX45: =VLOOKUP(BU45,'DATABASE F&B'!$C$3:$F$210,4,0) -> 0 | BY45: =BW45*BX45 -> 0 | CA45: =VLOOKUP(BZ45,'DATABASE F&B'!$C$3:$F$210,2,0) -> 0 | CC45: =VLOOKUP(BZ45,'DATABASE F&B'!$C$3:$F$210,4,0) -> 0 | CD45: =CB45*CC45 -> 0
A46: =CONCATENATE(F46,"-",E46,"-20",G46) -> 05-'07-2026 | B46: =B45+1 -> 42 | C46: =C45+1 -> 42 | D46: 46149 | E46: '07 | F46: 05 | G46: 26 | H46: =CONCATENATE("RJ","-",E46,F46,G46,"-",B46) -> RJ-'070526-42 | I46: =CONCATENATE(E46,"-",F46,"-20",G46) -> '07-05-2026 | J46: =VLOOKUP(D46,Laporan!$C$4:$D$34,2,0) -> Kamis | L46: Bar | M46: =SUMIF('DATABASE Room'!$B$3:$B$7,L46,'DATABASE Room'!$D$3:$D$7) -> 0 | N46: 1 | O46: =N46*M46 -> 0 | Q46: =P46*M46 -> 0 | R46: =O46+Q46 -> 0 | S46: =SUMIF($W$4:$CD$4,$S$4,W46:CD46) -> 5 | T46: =SUMIF($W$4:$CD$4,$T$4,W46:CD46) -> 35000 | U46: =R46+T46 -> 35000 | W46: 66 | X46: =VLOOKUP(W46,'DATABASE F&B'!$C$3:$F$216,2,0) -> KOPSU BUTTERSCOTCH | Y46: 1 | Z46: =VLOOKUP(W46,'DATABASE F&B'!$C$3:$F$216,4,0) -> 35000 | AA46: =Y46*Z46 -> 35000 | AC46: =VLOOKUP(AB46,'DATABASE F&B'!$C$3:$F$216,2,0) -> 0 | AD46: 1 | AE46: =VLOOKUP(AB46,'DATABASE F&B'!$C$3:$F$216,4,0) -> 0 | AF46: =AD46*AE46 -> 0 | AH46: =VLOOKUP(AG46,'DATABASE F&B'!$C$3:$F$216,2,0) -> 0 | AI46: 1 | AJ46: =VLOOKUP(AG46,'DATABASE F&B'!$C$3:$F$216,4,0) -> 0 | AK46: =AI46*AJ46 -> 0 | AM46: =VLOOKUP(AL46,'DATABASE F&B'!$C$3:$F$216,2,0) -> 0 | AN46: 1 | AO46: =VLOOKUP(AL46,'DATABASE F&B'!$C$3:$F$216,4,0) -> 0 | AP46: =AN46*AO46 -> 0 | AR46: =VLOOKUP(AQ46,'DATABASE F&B'!$C$3:$F$216,2,0) -> 0 | AS46: 1 | AT46: =VLOOKUP(AQ46,'DATABASE F&B'!$C$3:$F$216,4,0) -> 0 | AU46: =AS46*AT46 -> 0 | AW46: =VLOOKUP(AV46,'DATABASE F&B'!$C$3:$F$216,2,0) -> 0 | AY46: =VLOOKUP(AV46,'DATABASE F&B'!$C$3:$F$216,4,0) -> 0 | AZ46: =AX46*AY46 -> 0 | BB46: =VLOOKUP(BA46,'DATABASE F&B'!$C$3:$F$216,2,0) -> 0 | BD46: =VLOOKUP(BA46,'DATABASE F&B'!$C$3:$F$216,4,0) -> 0 | BE46: =BC46*BD46 -> 0 | BG46: =VLOOKUP(BF46,'DATABASE F&B'!$C$3:$F$216,2,0) -> 0 | BI46: =VLOOKUP(BF46,'DATABASE F&B'!$C$3:$F$216,4,0) -> 0 | BJ46: =BH46*BI46 -> 0 | BL46: =VLOOKUP(BK46,'DATABASE F&B'!$C$3:$F$210,2,0) -> 0 | BN46: =VLOOKUP(BK46,'DATABASE F&B'!$C$3:$F$210,4,0) -> 0 | BO46: =BM46*BN46 -> 0 | BQ46: =VLOOKUP(BP46,'DATABASE F&B'!$C$3:$F$210,2,0) -> 0 | BS46: =VLOOKUP(BP46,'DATABASE F&B'!$C$3:$F$210,4,0) -> 0 | BT46: =BR46*BS46 -> 0 | BV46: =VLOOKUP(BU46,'DATABASE F&B'!$C$3:$F$210,2,0) -> 0 | BX46: =VLOOKUP(BU46,'DATABASE F&B'!$C$3:$F$210,4,0) -> 0 | BY46: =BW46*BX46 -> 0 | CA46: =VLOOKUP(BZ46,'DATABASE F&B'!$C$3:$F$210,2,0) -> 0 | CC46: =VLOOKUP(BZ46,'DATABASE F&B'!$C$3:$F$210,4,0) -> 0 | CD46: =CB46*CC46 -> 0
A47: =CONCATENATE(F47,"-",E47,"-20",G47) -> 05-'07-2026 | B47: =B46+1 -> 43 | C47: =C46+1 -> 43 | D47: 46149 | E47: '07 | F47: 05 | G47: 26 | H47: =CONCATENATE("RJ","-",E47,F47,G47,"-",B47) -> RJ-'070526-43 | I47: =CONCATENATE(E47,"-",F47,"-20",G47) -> '07-05-2026 | J47: =VLOOKUP(D47,Laporan!$C$4:$D$34,2,0) -> Kamis | L47: Bar | M47: =SUMIF('DATABASE Room'!$B$3:$B$7,L47,'DATABASE Room'!$D$3:$D$7) -> 0 | N47: 1 | O47: =N47*M47 -> 0 | Q47: =P47*M47 -> 0 | R47: =O47+Q47 -> 0 | S47: =SUMIF($W$4:$CD$4,$S$4,W47:CD47) -> 5 | T47: =SUMIF($W$4:$CD$4,$T$4,W47:CD47) -> 35000 | U47: =R47+T47 -> 35000 | W47: 67 | X47: =VLOOKUP(W47,'DATABASE F&B'!$C$3:$F$216,2,0) -> KOPSU PISTACHIO | Y47: 1 | Z47: =VLOOKUP(W47,'DATABASE F&B'!$C$3:$F$216,4,0) -> 35000 | AA47: =Y47*Z47 -> 35000 | AC47: =VLOOKUP(AB47,'DATABASE F&B'!$C$3:$F$216,2,0) -> 0 | AD47: 1 | AE47: =VLOOKUP(AB47,'DATABASE F&B'!$C$3:$F$216,4,0) -> 0 | AF47: =AD47*AE47 -> 0 | AH47: =VLOOKUP(AG47,'DATABASE F&B'!$C$3:$F$216,2,0) -> 0 | AI47: 1 | AJ47: =VLOOKUP(AG47,'DATABASE F&B'!$C$3:$F$216,4,0) -> 0 | AK47: =AI47*AJ47 -> 0 | AM47: =VLOOKUP(AL47,'DATABASE F&B'!$C$3:$F$216,2,0) -> 0 | AN47: 1 | AO47: =VLOOKUP(AL47,'DATABASE F&B'!$C$3:$F$216,4,0) -> 0 | AP47: =AN47*AO47 -> 0 | AR47: =VLOOKUP(AQ47,'DATABASE F&B'!$C$3:$F$216,2,0) -> 0 | AS47: 1 | AT47: =VLOOKUP(AQ47,'DATABASE F&B'!$C$3:$F$216,4,0) -> 0 | AU47: =AS47*AT47 -> 0 | AW47: =VLOOKUP(AV47,'DATABASE F&B'!$C$3:$F$216,2,0) -> 0 | AY47: =VLOOKUP(AV47,'DATABASE F&B'!$C$3:$F$216,4,0) -> 0 | AZ47: =AX47*AY47 -> 0 | BB47: =VLOOKUP(BA47,'DATABASE F&B'!$C$3:$F$216,2,0) -> 0 | BD47: =VLOOKUP(BA47,'DATABASE F&B'!$C$3:$F$216,4,0) -> 0 | BE47: =BC47*BD47 -> 0 | BG47: =VLOOKUP(BF47,'DATABASE F&B'!$C$3:$F$216,2,0) -> 0 | BI47: =VLOOKUP(BF47,'DATABASE F&B'!$C$3:$F$216,4,0) -> 0 | BJ47: =BH47*BI47 -> 0 | BL47: =VLOOKUP(BK47,'DATABASE F&B'!$C$3:$F$210,2,0) -> 0 | BN47: =VLOOKUP(BK47,'DATABASE F&B'!$C$3:$F$210,4,0) -> 0 | BO47: =BM47*BN47 -> 0 | BQ47: =VLOOKUP(BP47,'DATABASE F&B'!$C$3:$F$210,2,0) -> 0 | BS47: =VLOOKUP(BP47,'DATABASE F&B'!$C$3:$F$210,4,0) -> 0 | BT47: =BR47*BS47 -> 0 | BV47: =VLOOKUP(BU47,'DATABASE F&B'!$C$3:$F$210,2,0) -> 0 | BX47: =VLOOKUP(BU47,'DATABASE F&B'!$C$3:$F$210,4,0) -> 0 | BY47: =BW47*BX47 -> 0 | CA47: =VLOOKUP(BZ47,'DATABASE F&B'!$C$3:$F$210,2,0) -> 0 | CC47: =VLOOKUP(BZ47,'DATABASE F&B'!$C$3:$F$210,4,0) -> 0 | CD47: =CB47*CC47 -> 0
A48: =CONCATENATE(F48,"-",E48,"-20",G48) -> 05-'08-2026 | B48: =B47+1 -> 44 | C48: =C47+1 -> 44 | D48: 46150 | E48: '08 | F48: 05 | G48: 26 | H48: =CONCATENATE("RJ","-",E48,F48,G48,"-",B48) -> RJ-'080526-44 | I48: =CONCATENATE(E48,"-",F48,"-20",G48) -> '08-05-2026 | J48: =VLOOKUP(D48,Laporan!$C$4:$D$34,2,0) -> Jumat | L48: Bar | M48: =SUMIF('DATABASE Room'!$B$3:$B$7,L48,'DATABASE Room'!$D$3:$D$7) -> 0 | N48: 1 | O48: =N48*M48 -> 0 | Q48: =P48*M48 -> 0 | R48: =O48+Q48 -> 0 | S48: =SUMIF($W$4:$CD$4,$S$4,W48:CD48) -> 5 | T48: =SUMIF($W$4:$CD$4,$T$4,W48:CD48) -> 35000 | U48: =R48+T48 -> 35000 | W48: 68 | X48: =VLOOKUP(W48,'DATABASE F&B'!$C$3:$F$216,2,0) -> REDBULL | Y48: 1 | Z48: =VLOOKUP(W48,'DATABASE F&B'!$C$3:$F$216,4,0) -> 35000 | AA48: =Y48*Z48 -> 35000 | AC48: =VLOOKUP(AB48,'DATABASE F&B'!$C$3:$F$216,2,0) -> 0 | AD48: 1 | AE48: =VLOOKUP(AB48,'DATABASE F&B'!$C$3:$F$216,4,0) -> 0 | AF48: =AD48*AE48 -> 0 | AH48: =VLOOKUP(AG48,'DATABASE F&B'!$C$3:$F$216,2,0) -> 0 | AI48: 1 | AJ48: =VLOOKUP(AG48,'DATABASE F&B'!$C$3:$F$216,4,0) -> 0 | AK48: =AI48*AJ48 -> 0 | AM48: =VLOOKUP(AL48,'DATABASE F&B'!$C$3:$F$216,2,0) -> 0 | AN48: 1 | AO48: =VLOOKUP(AL48,'DATABASE F&B'!$C$3:$F$216,4,0) -> 0 | AP48: =AN48*AO48 -> 0 | AR48: =VLOOKUP(AQ48,'DATABASE F&B'!$C$3:$F$216,2,0) -> 0 | AS48: 1 | AT48: =VLOOKUP(AQ48,'DATABASE F&B'!$C$3:$F$216,4,0) -> 0 | AU48: =AS48*AT48 -> 0 | AW48: =VLOOKUP(AV48,'DATABASE F&B'!$C$3:$F$216,2,0) -> 0 | AY48: =VLOOKUP(AV48,'DATABASE F&B'!$C$3:$F$216,4,0) -> 0 | AZ48: =AX48*AY48 -> 0 | BB48: =VLOOKUP(BA48,'DATABASE F&B'!$C$3:$F$216,2,0) -> 0 | BD48: =VLOOKUP(BA48,'DATABASE F&B'!$C$3:$F$216,4,0) -> 0 | BE48: =BC48*BD48 -> 0 | BG48: =VLOOKUP(BF48,'DATABASE F&B'!$C$3:$F$216,2,0) -> 0 | BI48: =VLOOKUP(BF48,'DATABASE F&B'!$C$3:$F$216,4,0) -> 0 | BJ48: =BH48*BI48 -> 0 | BL48: =VLOOKUP(BK48,'DATABASE F&B'!$C$3:$F$210,2,0) -> 0 | BN48: =VLOOKUP(BK48,'DATABASE F&B'!$C$3:$F$210,4,0) -> 0 | BO48: =BM48*BN48 -> 0 | BQ48: =VLOOKUP(BP48,'DATABASE F&B'!$C$3:$F$210,2,0) -> 0 | BS48: =VLOOKUP(BP48,'DATABASE F&B'!$C$3:$F$210,4,0) -> 0 | BT48: =BR48*BS48 -> 0 | BV48: =VLOOKUP(BU48,'DATABASE F&B'!$C$3:$F$210,2,0) -> 0 | BX48: =VLOOKUP(BU48,'DATABASE F&B'!$C$3:$F$210,4,0) -> 0 | BY48: =BW48*BX48 -> 0 | CA48: =VLOOKUP(BZ48,'DATABASE F&B'!$C$3:$F$210,2,0) -> 0 | CC48: =VLOOKUP(BZ48,'DATABASE F&B'!$C$3:$F$210,4,0) -> 0 | CD48: =CB48*CC48 -> 0
A49: =CONCATENATE(F49,"-",E49,"-20",G49) -> 05-'08-2026 | B49: =B48+1 -> 45 | C49: =C48+1 -> 45 | D49: 46150 | E49: '08 | F49: 05 | G49: 26 | H49: =CONCATENATE("RJ","-",E49,F49,G49,"-",B49) -> RJ-'080526-45 | I49: =CONCATENATE(E49,"-",F49,"-20",G49) -> '08-05-2026 | J49: =VLOOKUP(D49,Laporan!$C$4:$D$34,2,0) -> Jumat | L49: Bar | M49: =SUMIF('DATABASE Room'!$B$3:$B$7,L49,'DATABASE Room'!$D$3:$D$7) -> 0 | N49: 1 | O49: =N49*M49 -> 0 | Q49: =P49*M49 -> 0 | R49: =O49+Q49 -> 0 | S49: =SUMIF($W$4:$CD$4,$S$4,W49:CD49) -> 5 | T49: =SUMIF($W$4:$CD$4,$T$4,W49:CD49) -> 38000 | U49: =R49+T49 -> 38000 | W49: 69 | X49: =VLOOKUP(W49,'DATABASE F&B'!$C$3:$F$216,2,0) -> KOPI MATCHA | Y49: 1 | Z49: =VLOOKUP(W49,'DATABASE F&B'!$C$3:$F$216,4,0) -> 38000 | AA49: =Y49*Z49 -> 38000 | AC49: =VLOOKUP(AB49,'DATABASE F&B'!$C$3:$F$216,2,0) -> 0 | AD49: 1 | AE49: =VLOOKUP(AB49,'DATABASE F&B'!$C$3:$F$216,4,0) -> 0 | AF49: =AD49*AE49 -> 0 | AH49: =VLOOKUP(AG49,'DATABASE F&B'!$C$3:$F$216,2,0) -> 0 | AI49: 1 | AJ49: =VLOOKUP(AG49,'DATABASE F&B'!$C$3:$F$216,4,0) -> 0 | AK49: =AI49*AJ49 -> 0 | AM49: =VLOOKUP(AL49,'DATABASE F&B'!$C$3:$F$216,2,0) -> 0 | AN49: 1 | AO49: =VLOOKUP(AL49,'DATABASE F&B'!$C$3:$F$216,4,0) -> 0 | AP49: =AN49*AO49 -> 0 | AR49: =VLOOKUP(AQ49,'DATABASE F&B'!$C$3:$F$216,2,0) -> 0 | AS49: 1 | AT49: =VLOOKUP(AQ49,'DATABASE F&B'!$C$3:$F$216,4,0) -> 0 | AU49: =AS49*AT49 -> 0 | AW49: =VLOOKUP(AV49,'DATABASE F&B'!$C$3:$F$216,2,0) -> 0 | AY49: =VLOOKUP(AV49,'DATABASE F&B'!$C$3:$F$216,4,0) -> 0 | AZ49: =AX49*AY49 -> 0 | BB49: =VLOOKUP(BA49,'DATABASE F&B'!$C$3:$F$216,2,0) -> 0 | BD49: =VLOOKUP(BA49,'DATABASE F&B'!$C$3:$F$216,4,0) -> 0 | BE49: =BC49*BD49 -> 0 | BG49: =VLOOKUP(BF49,'DATABASE F&B'!$C$3:$F$216,2,0) -> 0 | BI49: =VLOOKUP(BF49,'DATABASE F&B'!$C$3:$F$216,4,0) -> 0 | BJ49: =BH49*BI49 -> 0 | BL49: =VLOOKUP(BK49,'DATABASE F&B'!$C$3:$F$210,2,0) -> 0 | BN49: =VLOOKUP(BK49,'DATABASE F&B'!$C$3:$F$210,4,0) -> 0 | BO49: =BM49*BN49 -> 0 | BQ49: =VLOOKUP(BP49,'DATABASE F&B'!$C$3:$F$210,2,0) -> 0 | BS49: =VLOOKUP(BP49,'DATABASE F&B'!$C$3:$F$210,4,0) -> 0 | BT49: =BR49*BS49 -> 0 | BV49: =VLOOKUP(BU49,'DATABASE F&B'!$C$3:$F$210,2,0) -> 0 | BX49: =VLOOKUP(BU49,'DATABASE F&B'!$C$3:$F$210,4,0) -> 0 | BY49: =BW49*BX49 -> 0 | CA49: =VLOOKUP(BZ49,'DATABASE F&B'!$C$3:$F$210,2,0) -> 0 | CC49: =VLOOKUP(BZ49,'DATABASE F&B'!$C$3:$F$210,4,0) -> 0 | CD49: =CB49*CC49 -> 0
A50: =CONCATENATE(F50,"-",E50,"-20",G50) -> 05-'08-2026 | B50: =B49+1 -> 46 | C50: =C49+1 -> 46 | D50: 46150 | E50: '08 | F50: 05 | G50: 26 | H50: =CONCATENATE("RJ","-",E50,F50,G50,"-",B50) -> RJ-'080526-46 | I50: =CONCATENATE(E50,"-",F50,"-20",G50) -> '08-05-2026 | J50: =VLOOKUP(D50,Laporan!$C$4:$D$34,2,0) -> Jumat | L50: Bar | M50: =SUMIF('DATABASE Room'!$B$3:$B$7,L50,'DATABASE Room'!$D$3:$D$7) -> 0 | N50: 1 | O50: =N50*M50 -> 0 | Q50: =P50*M50 -> 0 | R50: =O50+Q50 -> 0 | S50: =SUMIF($W$4:$CD$4,$S$4,W50:CD50) -> 5 | T50: =SUMIF($W$4:$CD$4,$T$4,W50:CD50) -> 215000 | U50: =R50+T50 -> 215000 | W50: 70 | X50: =VLOOKUP(W50,'DATABASE F&B'!$C$3:$F$216,2,0) -> SAN MIGUEL LIGHT 330ML | Y50: 1 | Z50: =VLOOKUP(W50,'DATABASE F&B'!$C$3:$F$216,4,0) -> 40000 | AA50: =Y50*Z50 -> 40000 | AB50: 92 | AC50: =VLOOKUP(AB50,'DATABASE F&B'!$C$3:$F$216,2,0) -> AP ANGGUR HIJAU | AD50: 1 | AE50: =VLOOKUP(AB50,'DATABASE F&B'!$C$3:$F$216,4,0) -> 175000 | AF50: =AD50*AE50 -> 175000 | AH50: =VLOOKUP(AG50,'DATABASE F&B'!$C$3:$F$216,2,0) -> 0 | AI50: 1 | AJ50: =VLOOKUP(AG50,'DATABASE F&B'!$C$3:$F$216,4,0) -> 0 | AK50: =AI50*AJ50 -> 0 | AM50: =VLOOKUP(AL50,'DATABASE F&B'!$C$3:$F$216,2,0) -> 0 | AN50: 1 | AO50: =VLOOKUP(AL50,'DATABASE F&B'!$C$3:$F$216,4,0) -> 0 | AP50: =AN50*AO50 -> 0 | AR50: =VLOOKUP(AQ50,'DATABASE F&B'!$C$3:$F$216,2,0) -> 0 | AS50: 1 | AT50: =VLOOKUP(AQ50,'DATABASE F&B'!$C$3:$F$216,4,0) -> 0 | AU50: =AS50*AT50 -> 0 | AW50: =VLOOKUP(AV50,'DATABASE F&B'!$C$3:$F$216,2,0) -> 0 | AY50: =VLOOKUP(AV50,'DATABASE F&B'!$C$3:$F$216,4,0) -> 0 | AZ50: =AX50*AY50 -> 0 | BB50: =VLOOKUP(BA50,'DATABASE F&B'!$C$3:$F$216,2,0) -> 0 | BD50: =VLOOKUP(BA50,'DATABASE F&B'!$C$3:$F$216,4,0) -> 0 | BE50: =BC50*BD50 -> 0 | BG50: =VLOOKUP(BF50,'DATABASE F&B'!$C$3:$F$216,2,0) -> 0 | BI50: =VLOOKUP(BF50,'DATABASE F&B'!$C$3:$F$216,4,0) -> 0 | BJ50: =BH50*BI50 -> 0 | BL50: =VLOOKUP(BK50,'DATABASE F&B'!$C$3:$F$210,2,0) -> 0 | BN50: =VLOOKUP(BK50,'DATABASE F&B'!$C$3:$F$210,4,0) -> 0 | BO50: =BM50*BN50 -> 0 | BQ50: =VLOOKUP(BP50,'DATABASE F&B'!$C$3:$F$210,2,0) -> 0 | BS50: =VLOOKUP(BP50,'DATABASE F&B'!$C$3:$F$210,4,0) -> 0 | BT50: =BR50*BS50 -> 0 | BV50: =VLOOKUP(BU50,'DATABASE F&B'!$C$3:$F$210,2,0) -> 0 | BX50: =VLOOKUP(BU50,'DATABASE F&B'!$C$3:$F$210,4,0) -> 0 | BY50: =BW50*BX50 -> 0 | CA50: =VLOOKUP(BZ50,'DATABASE F&B'!$C$3:$F$210,2,0) -> 0 | CC50: =VLOOKUP(BZ50,'DATABASE F&B'!$C$3:$F$210,4,0) -> 0 | CD50: =CB50*CC50 -> 0
A51: =CONCATENATE(F51,"-",E51,"-20",G51) -> 05-'08-2026 | B51: =B50+1 -> 47 | C51: =C50+1 -> 47 | D51: 46150 | E51: '08 | F51: 05 | G51: 26 | H51: =CONCATENATE("RJ","-",E51,F51,G51,"-",B51) -> RJ-'080526-47 | I51: =CONCATENATE(E51,"-",F51,"-20",G51) -> '08-05-2026 | J51: =VLOOKUP(D51,Laporan!$C$4:$D$34,2,0) -> Jumat | L51: Bar | M51: =SUMIF('DATABASE Room'!$B$3:$B$7,L51,'DATABASE Room'!$D$3:$D$7) -> 0 | N51: 1 | O51: =N51*M51 -> 0 | Q51: =P51*M51 -> 0 | R51: =O51+Q51 -> 0 | S51: =SUMIF($W$4:$CD$4,$S$4,W51:CD51) -> 5 | T51: =SUMIF($W$4:$CD$4,$T$4,W51:CD51) -> 42000 | U51: =R51+T51 -> 42000 | W51: 71 | X51: =VLOOKUP(W51,'DATABASE F&B'!$C$3:$F$216,2,0) -> SAN MIGUEL PALE PILSENER 330ML | Y51: 1 | Z51: =VLOOKUP(W51,'DATABASE F&B'!$C$3:$F$216,4,0) -> 42000 | AA51: =Y51*Z51 -> 42000 | AC51: =VLOOKUP(AB51,'DATABASE F&B'!$C$3:$F$216,2,0) -> 0 | AD51: 1 | AE51: =VLOOKUP(AB51,'DATABASE F&B'!$C$3:$F$216,4,0) -> 0 | AF51: =AD51*AE51 -> 0 | AH51: =VLOOKUP(AG51,'DATABASE F&B'!$C$3:$F$216,2,0) -> 0 | AI51: 1 | AJ51: =VLOOKUP(AG51,'DATABASE F&B'!$C$3:$F$216,4,0) -> 0 | AK51: =AI51*AJ51 -> 0 | AM51: =VLOOKUP(AL51,'DATABASE F&B'!$C$3:$F$216,2,0) -> 0 | AN51: 1 | AO51: =VLOOKUP(AL51,'DATABASE F&B'!$C$3:$F$216,4,0) -> 0 | AP51: =AN51*AO51 -> 0 | AR51: =VLOOKUP(AQ51,'DATABASE F&B'!$C$3:$F$216,2,0) -> 0 | AS51: 1 | AT51: =VLOOKUP(AQ51,'DATABASE F&B'!$C$3:$F$216,4,0) -> 0 | AU51: =AS51*AT51 -> 0 | AW51: =VLOOKUP(AV51,'DATABASE F&B'!$C$3:$F$216,2,0) -> 0 | AY51: =VLOOKUP(AV51,'DATABASE F&B'!$C$3:$F$216,4,0) -> 0 | AZ51: =AX51*AY51 -> 0 | BB51: =VLOOKUP(BA51,'DATABASE F&B'!$C$3:$F$216,2,0) -> 0 | BD51: =VLOOKUP(BA51,'DATABASE F&B'!$C$3:$F$216,4,0) -> 0 | BE51: =BC51*BD51 -> 0 | BG51: =VLOOKUP(BF51,'DATABASE F&B'!$C$3:$F$216,2,0) -> 0 | BI51: =VLOOKUP(BF51,'DATABASE F&B'!$C$3:$F$216,4,0) -> 0 | BJ51: =BH51*BI51 -> 0 | BL51: =VLOOKUP(BK51,'DATABASE F&B'!$C$3:$F$210,2,0) -> 0 | BN51: =VLOOKUP(BK51,'DATABASE F&B'!$C$3:$F$210,4,0) -> 0 | BO51: =BM51*BN51 -> 0 | BQ51: =VLOOKUP(BP51,'DATABASE F&B'!$C$3:$F$210,2,0) -> 0 | BS51: =VLOOKUP(BP51,'DATABASE F&B'!$C$3:$F$210,4,0) -> 0 | BT51: =BR51*BS51 -> 0 | BV51: =VLOOKUP(BU51,'DATABASE F&B'!$C$3:$F$210,2,0) -> 0 | BX51: =VLOOKUP(BU51,'DATABASE F&B'!$C$3:$F$210,4,0) -> 0 | BY51: =BW51*BX51 -> 0 | CA51: =VLOOKUP(BZ51,'DATABASE F&B'!$C$3:$F$210,2,0) -> 0 | CC51: =VLOOKUP(BZ51,'DATABASE F&B'!$C$3:$F$210,4,0) -> 0 | CD51: =CB51*CC51 -> 0
A52: =CONCATENATE(F52,"-",E52,"-20",G52) -> 05-'08-2026 | B52: =B51+1 -> 48 | C52: =C51+1 -> 48 | D52: 46150 | E52: '08 | F52: 05 | G52: 26 | H52: =CONCATENATE("RJ","-",E52,F52,G52,"-",B52) -> RJ-'080526-48 | I52: =CONCATENATE(E52,"-",F52,"-20",G52) -> '08-05-2026 | J52: =VLOOKUP(D52,Laporan!$C$4:$D$34,2,0) -> Jumat | L52: Bar | M52: =SUMIF('DATABASE Room'!$B$3:$B$7,L52,'DATABASE Room'!$D$3:$D$7) -> 0 | N52: 1 | O52: =N52*M52 -> 0 | Q52: =P52*M52 -> 0 | R52: =O52+Q52 -> 0 | S52: =SUMIF($W$4:$CD$4,$S$4,W52:CD52) -> 5 | T52: =SUMIF($W$4:$CD$4,$T$4,W52:CD52) -> 45000 | U52: =R52+T52 -> 45000 | W52: 72 | X52: =VLOOKUP(W52,'DATABASE F&B'!$C$3:$F$216,2,0) -> CARLSBERG PINT 330ML | Y52: 1 | Z52: =VLOOKUP(W52,'DATABASE F&B'!$C$3:$F$216,4,0) -> 45000 | AA52: =Y52*Z52 -> 45000 | AC52: =VLOOKUP(AB52,'DATABASE F&B'!$C$3:$F$216,2,0) -> 0 | AD52: 1 | AE52: =VLOOKUP(AB52,'DATABASE F&B'!$C$3:$F$216,4,0) -> 0 | AF52: =AD52*AE52 -> 0 | AH52: =VLOOKUP(AG52,'DATABASE F&B'!$C$3:$F$216,2,0) -> 0 | AI52: 1 | AJ52: =VLOOKUP(AG52,'DATABASE F&B'!$C$3:$F$216,4,0) -> 0 | AK52: =AI52*AJ52 -> 0 | AM52: =VLOOKUP(AL52,'DATABASE F&B'!$C$3:$F$216,2,0) -> 0 | AN52: 1 | AO52: =VLOOKUP(AL52,'DATABASE F&B'!$C$3:$F$216,4,0) -> 0 | AP52: =AN52*AO52 -> 0 | AR52: =VLOOKUP(AQ52,'DATABASE F&B'!$C$3:$F$216,2,0) -> 0 | AS52: 1 | AT52: =VLOOKUP(AQ52,'DATABASE F&B'!$C$3:$F$216,4,0) -> 0 | AU52: =AS52*AT52 -> 0 | AW52: =VLOOKUP(AV52,'DATABASE F&B'!$C$3:$F$216,2,0) -> 0 | AY52: =VLOOKUP(AV52,'DATABASE F&B'!$C$3:$F$216,4,0) -> 0 | AZ52: =AX52*AY52 -> 0 | BB52: =VLOOKUP(BA52,'DATABASE F&B'!$C$3:$F$216,2,0) -> 0 | BD52: =VLOOKUP(BA52,'DATABASE F&B'!$C$3:$F$216,4,0) -> 0 | BE52: =BC52*BD52 -> 0 | BG52: =VLOOKUP(BF52,'DATABASE F&B'!$C$3:$F$216,2,0) -> 0 | BI52: =VLOOKUP(BF52,'DATABASE F&B'!$C$3:$F$216,4,0) -> 0 | BJ52: =BH52*BI52 -> 0 | BL52: =VLOOKUP(BK52,'DATABASE F&B'!$C$3:$F$210,2,0) -> 0 | BN52: =VLOOKUP(BK52,'DATABASE F&B'!$C$3:$F$210,4,0) -> 0 | BO52: =BM52*BN52 -> 0 | BQ52: =VLOOKUP(BP52,'DATABASE F&B'!$C$3:$F$210,2,0) -> 0 | BS52: =VLOOKUP(BP52,'DATABASE F&B'!$C$3:$F$210,4,0) -> 0 | BT52: =BR52*BS52 -> 0 | BV52: =VLOOKUP(BU52,'DATABASE F&B'!$C$3:$F$210,2,0) -> 0 | BX52: =VLOOKUP(BU52,'DATABASE F&B'!$C$3:$F$210,4,0) -> 0 | BY52: =BW52*BX52 -> 0 | CA52: =VLOOKUP(BZ52,'DATABASE F&B'!$C$3:$F$210,2,0) -> 0 | CC52: =VLOOKUP(BZ52,'DATABASE F&B'!$C$3:$F$210,4,0) -> 0 | CD52: =CB52*CC52 -> 0
A53: =CONCATENATE(F53,"-",E53,"-20",G53) -> 05-'09-2026 | B53: =B52+1 -> 49 | C53: =C52+1 -> 49 | D53: 46151 | E53: '09 | F53: 05 | G53: 26 | H53: =CONCATENATE("RJ","-",E53,F53,G53,"-",B53) -> RJ-'090526-49 | I53: =CONCATENATE(E53,"-",F53,"-20",G53) -> '09-05-2026 | J53: =VLOOKUP(D53,Laporan!$C$4:$D$34,2,0) -> Sabtu | L53: Bar | M53: =SUMIF('DATABASE Room'!$B$3:$B$7,L53,'DATABASE Room'!$D$3:$D$7) -> 0 | N53: 1 | O53: =N53*M53 -> 0 | Q53: =P53*M53 -> 0 | R53: =O53+Q53 -> 0 | S53: =SUMIF($W$4:$CD$4,$S$4,W53:CD53) -> 5 | T53: =SUMIF($W$4:$CD$4,$T$4,W53:CD53) -> 40000 | U53: =R53+T53 -> 40000 | W53: 73 | X53: =VLOOKUP(W53,'DATABASE F&B'!$C$3:$F$216,2,0) -> GUINNES 325ML | Y53: 1 | Z53: =VLOOKUP(W53,'DATABASE F&B'!$C$3:$F$216,4,0) -> 40000 | AA53: =Y53*Z53 -> 40000 | AC53: =VLOOKUP(AB53,'DATABASE F&B'!$C$3:$F$216,2,0) -> 0 | AD53: 1 | AE53: =VLOOKUP(AB53,'DATABASE F&B'!$C$3:$F$216,4,0) -> 0 | AF53: =AD53*AE53 -> 0 | AH53: =VLOOKUP(AG53,'DATABASE F&B'!$C$3:$F$216,2,0) -> 0 | AI53: 1 | AJ53: =VLOOKUP(AG53,'DATABASE F&B'!$C$3:$F$216,4,0) -> 0 | AK53: =AI53*AJ53 -> 0 | AM53: =VLOOKUP(AL53,'DATABASE F&B'!$C$3:$F$216,2,0) -> 0 | AN53: 1 | AO53: =VLOOKUP(AL53,'DATABASE F&B'!$C$3:$F$216,4,0) -> 0 | AP53: =AN53*AO53 -> 0 | AR53: =VLOOKUP(AQ53,'DATABASE F&B'!$C$3:$F$216,2,0) -> 0 | AS53: 1 | AT53: =VLOOKUP(AQ53,'DATABASE F&B'!$C$3:$F$216,4,0) -> 0 | AU53: =AS53*AT53 -> 0 | AW53: =VLOOKUP(AV53,'DATABASE F&B'!$C$3:$F$216,2,0) -> 0 | AY53: =VLOOKUP(AV53,'DATABASE F&B'!$C$3:$F$216,4,0) -> 0 | AZ53: =AX53*AY53 -> 0 | BB53: =VLOOKUP(BA53,'DATABASE F&B'!$C$3:$F$216,2,0) -> 0 | BD53: =VLOOKUP(BA53,'DATABASE F&B'!$C$3:$F$216,4,0) -> 0 | BE53: =BC53*BD53 -> 0 | BG53: =VLOOKUP(BF53,'DATABASE F&B'!$C$3:$F$216,2,0) -> 0 | BI53: =VLOOKUP(BF53,'DATABASE F&B'!$C$3:$F$216,4,0) -> 0 | BJ53: =BH53*BI53 -> 0 | BL53: =VLOOKUP(BK53,'DATABASE F&B'!$C$3:$F$210,2,0) -> 0 | BN53: =VLOOKUP(BK53,'DATABASE F&B'!$C$3:$F$210,4,0) -> 0 | BO53: =BM53*BN53 -> 0 | BQ53: =VLOOKUP(BP53,'DATABASE F&B'!$C$3:$F$210,2,0) -> 0 | BS53: =VLOOKUP(BP53,'DATABASE F&B'!$C$3:$F$210,4,0) -> 0 | BT53: =BR53*BS53 -> 0 | BV53: =VLOOKUP(BU53,'DATABASE F&B'!$C$3:$F$210,2,0) -> 0 | BX53: =VLOOKUP(BU53,'DATABASE F&B'!$C$3:$F$210,4,0) -> 0 | BY53: =BW53*BX53 -> 0 | CA53: =VLOOKUP(BZ53,'DATABASE F&B'!$C$3:$F$210,2,0) -> 0 | CC53: =VLOOKUP(BZ53,'DATABASE F&B'!$C$3:$F$210,4,0) -> 0 | CD53: =CB53*CC53 -> 0
A54: =CONCATENATE(F54,"-",E54,"-20",G54) -> 05-'09-2026 | B54: =B53+1 -> 50 | C54: =C53+1 -> 50 | D54: 46151 | E54: '09 | F54: 05 | G54: 26 | H54: =CONCATENATE("RJ","-",E54,F54,G54,"-",B54) -> RJ-'090526-50 | I54: =CONCATENATE(E54,"-",F54,"-20",G54) -> '09-05-2026 | J54: =VLOOKUP(D54,Laporan!$C$4:$D$34,2,0) -> Sabtu | L54: Bar | M54: =SUMIF('DATABASE Room'!$B$3:$B$7,L54,'DATABASE Room'!$D$3:$D$7) -> 0 | N54: 1 | O54: =N54*M54 -> 0 | Q54: =P54*M54 -> 0 | R54: =O54+Q54 -> 0 | S54: =SUMIF($W$4:$CD$4,$S$4,W54:CD54) -> 5 | T54: =SUMIF($W$4:$CD$4,$T$4,W54:CD54) -> 45000 | U54: =R54+T54 -> 45000 | W54: 74 | X54: =VLOOKUP(W54,'DATABASE F&B'!$C$3:$F$216,2,0) -> SAN MIGUEL NEGRA 330ML | Y54: 1 | Z54: =VLOOKUP(W54,'DATABASE F&B'!$C$3:$F$216,4,0) -> 45000 | AA54: =Y54*Z54 -> 45000 | AC54: =VLOOKUP(AB54,'DATABASE F&B'!$C$3:$F$216,2,0) -> 0 | AD54: 1 | AE54: =VLOOKUP(AB54,'DATABASE F&B'!$C$3:$F$216,4,0) -> 0 | AF54: =AD54*AE54 -> 0 | AH54: =VLOOKUP(AG54,'DATABASE F&B'!$C$3:$F$216,2,0) -> 0 | AI54: 1 | AJ54: =VLOOKUP(AG54,'DATABASE F&B'!$C$3:$F$216,4,0) -> 0 | AK54: =AI54*AJ54 -> 0 | AM54: =VLOOKUP(AL54,'DATABASE F&B'!$C$3:$F$216,2,0) -> 0 | AN54: 1 | AO54: =VLOOKUP(AL54,'DATABASE F&B'!$C$3:$F$216,4,0) -> 0 | AP54: =AN54*AO54 -> 0 | AR54: =VLOOKUP(AQ54,'DATABASE F&B'!$C$3:$F$216,2,0) -> 0 | AS54: 1 | AT54: =VLOOKUP(AQ54,'DATABASE F&B'!$C$3:$F$216,4,0) -> 0 | AU54: =AS54*AT54 -> 0 | AW54: =VLOOKUP(AV54,'DATABASE F&B'!$C$3:$F$216,2,0) -> 0 | AY54: =VLOOKUP(AV54,'DATABASE F&B'!$C$3:$F$216,4,0) -> 0 | AZ54: =AX54*AY54 -> 0 | BB54: =VLOOKUP(BA54,'DATABASE F&B'!$C$3:$F$216,2,0) -> 0 | BD54: =VLOOKUP(BA54,'DATABASE F&B'!$C$3:$F$216,4,0) -> 0 | BE54: =BC54*BD54 -> 0 | BG54: =VLOOKUP(BF54,'DATABASE F&B'!$C$3:$F$216,2,0) -> 0 | BI54: =VLOOKUP(BF54,'DATABASE F&B'!$C$3:$F$216,4,0) -> 0 | BJ54: =BH54*BI54 -> 0 | BL54: =VLOOKUP(BK54,'DATABASE F&B'!$C$3:$F$210,2,0) -> 0 | BN54: =VLOOKUP(BK54,'DATABASE F&B'!$C$3:$F$210,4,0) -> 0 | BO54: =BM54*BN54 -> 0 | BQ54: =VLOOKUP(BP54,'DATABASE F&B'!$C$3:$F$210,2,0) -> 0 | BS54: =VLOOKUP(BP54,'DATABASE F&B'!$C$3:$F$210,4,0) -> 0 | BT54: =BR54*BS54 -> 0 | BV54: =VLOOKUP(BU54,'DATABASE F&B'!$C$3:$F$210,2,0) -> 0 | BX54: =VLOOKUP(BU54,'DATABASE F&B'!$C$3:$F$210,4,0) -> 0 | BY54: =BW54*BX54 -> 0 | CA54: =VLOOKUP(BZ54,'DATABASE F&B'!$C$3:$F$210,2,0) -> 0 | CC54: =VLOOKUP(BZ54,'DATABASE F&B'!$C$3:$F$210,4,0) -> 0 | CD54: =CB54*CC54 -> 0
A55: =CONCATENATE(F55,"-",E55,"-20",G55) -> 05-'09-2026 | B55: =B54+1 -> 51 | C55: =C54+1 -> 51 | D55: 46151 | E55: '09 | F55: 05 | G55: 26 | H55: =CONCATENATE("RJ","-",E55,F55,G55,"-",B55) -> RJ-'090526-51 | I55: =CONCATENATE(E55,"-",F55,"-20",G55) -> '09-05-2026 | J55: =VLOOKUP(D55,Laporan!$C$4:$D$34,2,0) -> Sabtu | L55: Bar | M55: =SUMIF('DATABASE Room'!$B$3:$B$7,L55,'DATABASE Room'!$D$3:$D$7) -> 0 | N55: 1 | O55: =N55*M55 -> 0 | Q55: =P55*M55 -> 0 | R55: =O55+Q55 -> 0 | S55: =SUMIF($W$4:$CD$4,$S$4,W55:CD55) -> 5 | T55: =SUMIF($W$4:$CD$4,$T$4,W55:CD55) -> 60000 | U55: =R55+T55 -> 60000 | W55: 75 | X55: =VLOOKUP(W55,'DATABASE F&B'!$C$3:$F$216,2,0) -> BEER KURA KURA EASY ALE | Y55: 1 | Z55: =VLOOKUP(W55,'DATABASE F&B'!$C$3:$F$216,4,0) -> 60000 | AA55: =Y55*Z55 -> 60000 | AC55: =VLOOKUP(AB55,'DATABASE F&B'!$C$3:$F$216,2,0) -> 0 | AD55: 1 | AE55: =VLOOKUP(AB55,'DATABASE F&B'!$C$3:$F$216,4,0) -> 0 | AF55: =AD55*AE55 -> 0 | AH55: =VLOOKUP(AG55,'DATABASE F&B'!$C$3:$F$216,2,0) -> 0 | AI55: 1 | AJ55: =VLOOKUP(AG55,'DATABASE F&B'!$C$3:$F$216,4,0) -> 0 | AK55: =AI55*AJ55 -> 0 | AM55: =VLOOKUP(AL55,'DATABASE F&B'!$C$3:$F$216,2,0) -> 0 | AN55: 1 | AO55: =VLOOKUP(AL55,'DATABASE F&B'!$C$3:$F$216,4,0) -> 0 | AP55: =AN55*AO55 -> 0 | AR55: =VLOOKUP(AQ55,'DATABASE F&B'!$C$3:$F$216,2,0) -> 0 | AS55: 1 | AT55: =VLOOKUP(AQ55,'DATABASE F&B'!$C$3:$F$216,4,0) -> 0 | AU55: =AS55*AT55 -> 0 | AW55: =VLOOKUP(AV55,'DATABASE F&B'!$C$3:$F$216,2,0) -> 0 | AY55: =VLOOKUP(AV55,'DATABASE F&B'!$C$3:$F$216,4,0) -> 0 | AZ55: =AX55*AY55 -> 0 | BB55: =VLOOKUP(BA55,'DATABASE F&B'!$C$3:$F$216,2,0) -> 0 | BD55: =VLOOKUP(BA55,'DATABASE F&B'!$C$3:$F$216,4,0) -> 0 | BE55: =BC55*BD55 -> 0 | BG55: =VLOOKUP(BF55,'DATABASE F&B'!$C$3:$F$216,2,0) -> 0 | BI55: =VLOOKUP(BF55,'DATABASE F&B'!$C$3:$F$216,4,0) -> 0 | BJ55: =BH55*BI55 -> 0 | BL55: =VLOOKUP(BK55,'DATABASE F&B'!$C$3:$F$210,2,0) -> 0 | BN55: =VLOOKUP(BK55,'DATABASE F&B'!$C$3:$F$210,4,0) -> 0 | BO55: =BM55*BN55 -> 0 | BQ55: =VLOOKUP(BP55,'DATABASE F&B'!$C$3:$F$210,2,0) -> 0 | BS55: =VLOOKUP(BP55,'DATABASE F&B'!$C$3:$F$210,4,0) -> 0 | BT55: =BR55*BS55 -> 0 | BV55: =VLOOKUP(BU55,'DATABASE F&B'!$C$3:$F$210,2,0) -> 0 | BX55: =VLOOKUP(BU55,'DATABASE F&B'!$C$3:$F$210,4,0) -> 0 | BY55: =BW55*BX55 -> 0 | CA55: =VLOOKUP(BZ55,'DATABASE F&B'!$C$3:$F$210,2,0) -> 0 | CC55: =VLOOKUP(BZ55,'DATABASE F&B'!$C$3:$F$210,4,0) -> 0 | CD55: =CB55*CC55 -> 0
A56: =CONCATENATE(F56,"-",E56,"-20",G56) -> 05-'09-2026 | B56: =B55+1 -> 52 | C56: =C55+1 -> 52 | D56: 46151 | E56: '09 | F56: 05 | G56: 26 | H56: =CONCATENATE("RJ","-",E56,F56,G56,"-",B56) -> RJ-'090526-52 | I56: =CONCATENATE(E56,"-",F56,"-20",G56) -> '09-05-2026 | J56: =VLOOKUP(D56,Laporan!$C$4:$D$34,2,0) -> Sabtu | L56: Bar | M56: =SUMIF('DATABASE Room'!$B$3:$B$7,L56,'DATABASE Room'!$D$3:$D$7) -> 0 | N56: 1 | O56: =N56*M56 -> 0 | Q56: =P56*M56 -> 0 | R56: =O56+Q56 -> 0 | S56: =SUMIF($W$4:$CD$4,$S$4,W56:CD56) -> 5 | T56: =SUMIF($W$4:$CD$4,$T$4,W56:CD56) -> 68000 | U56: =R56+T56 -> 68000 | W56: 76 | X56: =VLOOKUP(W56,'DATABASE F&B'!$C$3:$F$216,2,0) -> BEER KURA KURA LAGER | Y56: 1 | Z56: =VLOOKUP(W56,'DATABASE F&B'!$C$3:$F$216,4,0) -> 60000 | AA56: =Y56*Z56 -> 60000 | AB56: 45 | AC56: =VLOOKUP(AB56,'DATABASE F&B'!$C$3:$F$216,2,0) -> LE MINERAL 330ML | AD56: 1 | AE56: =VLOOKUP(AB56,'DATABASE F&B'!$C$3:$F$216,4,0) -> 8000 | AF56: =AD56*AE56 -> 8000 | AH56: =VLOOKUP(AG56,'DATABASE F&B'!$C$3:$F$216,2,0) -> 0 | AI56: 1 | AJ56: =VLOOKUP(AG56,'DATABASE F&B'!$C$3:$F$216,4,0) -> 0 | AK56: =AI56*AJ56 -> 0 | AM56: =VLOOKUP(AL56,'DATABASE F&B'!$C$3:$F$216,2,0) -> 0 | AN56: 1 | AO56: =VLOOKUP(AL56,'DATABASE F&B'!$C$3:$F$216,4,0) -> 0 | AP56: =AN56*AO56 -> 0 | AR56: =VLOOKUP(AQ56,'DATABASE F&B'!$C$3:$F$216,2,0) -> 0 | AS56: 1 | AT56: =VLOOKUP(AQ56,'DATABASE F&B'!$C$3:$F$216,4,0) -> 0 | AU56: =AS56*AT56 -> 0 | AW56: =VLOOKUP(AV56,'DATABASE F&B'!$C$3:$F$216,2,0) -> 0 | AY56: =VLOOKUP(AV56,'DATABASE F&B'!$C$3:$F$216,4,0) -> 0 | AZ56: =AX56*AY56 -> 0 | BB56: =VLOOKUP(BA56,'DATABASE F&B'!$C$3:$F$216,2,0) -> 0 | BD56: =VLOOKUP(BA56,'DATABASE F&B'!$C$3:$F$216,4,0) -> 0 | BE56: =BC56*BD56 -> 0 | BG56: =VLOOKUP(BF56,'DATABASE F&B'!$C$3:$F$216,2,0) -> 0 | BI56: =VLOOKUP(BF56,'DATABASE F&B'!$C$3:$F$216,4,0) -> 0 | BJ56: =BH56*BI56 -> 0 | BL56: =VLOOKUP(BK56,'DATABASE F&B'!$C$3:$F$210,2,0) -> 0 | BN56: =VLOOKUP(BK56,'DATABASE F&B'!$C$3:$F$210,4,0) -> 0 | BO56: =BM56*BN56 -> 0 | BQ56: =VLOOKUP(BP56,'DATABASE F&B'!$C$3:$F$210,2,0) -> 0 | BS56: =VLOOKUP(BP56,'DATABASE F&B'!$C$3:$F$210,4,0) -> 0 | BT56: =BR56*BS56 -> 0 | BV56: =VLOOKUP(BU56,'DATABASE F&B'!$C$3:$F$210,2,0) -> 0 | BX56: =VLOOKUP(BU56,'DATABASE F&B'!$C$3:$F$210,4,0) -> 0 | BY56: =BW56*BX56 -> 0 | CA56: =VLOOKUP(BZ56,'DATABASE F&B'!$C$3:$F$210,2,0) -> 0 | CC56: =VLOOKUP(BZ56,'DATABASE F&B'!$C$3:$F$210,4,0) -> 0 | CD56: =CB56*CC56 -> 0
A57: =CONCATENATE(F57,"-",E57,"-20",G57) -> 05-'09-2026 | B57: =B56+1 -> 53 | C57: =C56+1 -> 53 | D57: 46151 | E57: '09 | F57: 05 | G57: 26 | H57: =CONCATENATE("RJ","-",E57,F57,G57,"-",B57) -> RJ-'090526-53 | I57: =CONCATENATE(E57,"-",F57,"-20",G57) -> '09-05-2026 | J57: =VLOOKUP(D57,Laporan!$C$4:$D$34,2,0) -> Sabtu | L57: Bar | M57: =SUMIF('DATABASE Room'!$B$3:$B$7,L57,'DATABASE Room'!$D$3:$D$7) -> 0 | N57: 1 | O57: =N57*M57 -> 0 | Q57: =P57*M57 -> 0 | R57: =O57+Q57 -> 0 | S57: =SUMIF($W$4:$CD$4,$S$4,W57:CD57) -> 5 | T57: =SUMIF($W$4:$CD$4,$T$4,W57:CD57) -> 70000 | U57: =R57+T57 -> 70000 | W57: 77 | X57: =VLOOKUP(W57,'DATABASE F&B'!$C$3:$F$216,2,0) -> BEER KURA KURA SESSION HAZY | Y57: 1 | Z57: =VLOOKUP(W57,'DATABASE F&B'!$C$3:$F$216,4,0) -> 70000 | AA57: =Y57*Z57 -> 70000 | AC57: =VLOOKUP(AB57,'DATABASE F&B'!$C$3:$F$216,2,0) -> 0 | AD57: 1 | AE57: =VLOOKUP(AB57,'DATABASE F&B'!$C$3:$F$216,4,0) -> 0 | AF57: =AD57*AE57 -> 0 | AH57: =VLOOKUP(AG57,'DATABASE F&B'!$C$3:$F$216,2,0) -> 0 | AI57: 1 | AJ57: =VLOOKUP(AG57,'DATABASE F&B'!$C$3:$F$216,4,0) -> 0 | AK57: =AI57*AJ57 -> 0 | AM57: =VLOOKUP(AL57,'DATABASE F&B'!$C$3:$F$216,2,0) -> 0 | AN57: 1 | AO57: =VLOOKUP(AL57,'DATABASE F&B'!$C$3:$F$216,4,0) -> 0 | AP57: =AN57*AO57 -> 0 | AR57: =VLOOKUP(AQ57,'DATABASE F&B'!$C$3:$F$216,2,0) -> 0 | AS57: 1 | AT57: =VLOOKUP(AQ57,'DATABASE F&B'!$C$3:$F$216,4,0) -> 0 | AU57: =AS57*AT57 -> 0 | AW57: =VLOOKUP(AV57,'DATABASE F&B'!$C$3:$F$216,2,0) -> 0 | AY57: =VLOOKUP(AV57,'DATABASE F&B'!$C$3:$F$216,4,0) -> 0 | AZ57: =AX57*AY57 -> 0 | BB57: =VLOOKUP(BA57,'DATABASE F&B'!$C$3:$F$216,2,0) -> 0 | BD57: =VLOOKUP(BA57,'DATABASE F&B'!$C$3:$F$216,4,0) -> 0 | BE57: =BC57*BD57 -> 0 | BG57: =VLOOKUP(BF57,'DATABASE F&B'!$C$3:$F$216,2,0) -> 0 | BI57: =VLOOKUP(BF57,'DATABASE F&B'!$C$3:$F$216,4,0) -> 0 | BJ57: =BH57*BI57 -> 0 | BL57: =VLOOKUP(BK57,'DATABASE F&B'!$C$3:$F$210,2,0) -> 0 | BN57: =VLOOKUP(BK57,'DATABASE F&B'!$C$3:$F$210,4,0) -> 0 | BO57: =BM57*BN57 -> 0 | BQ57: =VLOOKUP(BP57,'DATABASE F&B'!$C$3:$F$210,2,0) -> 0 | BS57: =VLOOKUP(BP57,'DATABASE F&B'!$C$3:$F$210,4,0) -> 0 | BT57: =BR57*BS57 -> 0 | BV57: =VLOOKUP(BU57,'DATABASE F&B'!$C$3:$F$210,2,0) -> 0 | BX57: =VLOOKUP(BU57,'DATABASE F&B'!$C$3:$F$210,4,0) -> 0 | BY57: =BW57*BX57 -> 0 | CA57: =VLOOKUP(BZ57,'DATABASE F&B'!$C$3:$F$210,2,0) -> 0 | CC57: =VLOOKUP(BZ57,'DATABASE F&B'!$C$3:$F$210,4,0) -> 0 | CD57: =CB57*CC57 -> 0
A58: =CONCATENATE(F58,"-",E58,"-20",G58) -> 05-'09-2026 | B58: =B57+1 -> 54 | C58: =C57+1 -> 54 | D58: 46151 | E58: '09 | F58: 05 | G58: 26 | H58: =CONCATENATE("RJ","-",E58,F58,G58,"-",B58) -> RJ-'090526-54 | I58: =CONCATENATE(E58,"-",F58,"-20",G58) -> '09-05-2026 | J58: =VLOOKUP(D58,Laporan!$C$4:$D$34,2,0) -> Sabtu | L58: Bar | M58: =SUMIF('DATABASE Room'!$B$3:$B$7,L58,'DATABASE Room'!$D$3:$D$7) -> 0 | N58: 1 | O58: =N58*M58 -> 0 | Q58: =P58*M58 -> 0 | R58: =O58+Q58 -> 0 | S58: =SUMIF($W$4:$CD$4,$S$4,W58:CD58) -> 5 | T58: =SUMIF($W$4:$CD$4,$T$4,W58:CD58) -> 75000 | U58: =R58+T58 -> 75000 | W58: 78 | X58: =VLOOKUP(W58,'DATABASE F&B'!$C$3:$F$216,2,0) -> ASAHI DRY PINT 330ML | Y58: 1 | Z58: =VLOOKUP(W58,'DATABASE F&B'!$C$3:$F$216,4,0) -> 75000 | AA58: =Y58*Z58 -> 75000 | AC58: =VLOOKUP(AB58,'DATABASE F&B'!$C$3:$F$216,2,0) -> 0 | AD58: 1 | AE58: =VLOOKUP(AB58,'DATABASE F&B'!$C$3:$F$216,4,0) -> 0 | AF58: =AD58*AE58 -> 0 | AH58: =VLOOKUP(AG58,'DATABASE F&B'!$C$3:$F$216,2,0) -> 0 | AI58: 1 | AJ58: =VLOOKUP(AG58,'DATABASE F&B'!$C$3:$F$216,4,0) -> 0 | AK58: =AI58*AJ58 -> 0 | AM58: =VLOOKUP(AL58,'DATABASE F&B'!$C$3:$F$216,2,0) -> 0 | AN58: 1 | AO58: =VLOOKUP(AL58,'DATABASE F&B'!$C$3:$F$216,4,0) -> 0 | AP58: =AN58*AO58 -> 0 | AR58: =VLOOKUP(AQ58,'DATABASE F&B'!$C$3:$F$216,2,0) -> 0 | AS58: 1 | AT58: =VLOOKUP(AQ58,'DATABASE F&B'!$C$3:$F$216,4,0) -> 0 | AU58: =AS58*AT58 -> 0 | AW58: =VLOOKUP(AV58,'DATABASE F&B'!$C$3:$F$216,2,0) -> 0 | AY58: =VLOOKUP(AV58,'DATABASE F&B'!$C$3:$F$216,4,0) -> 0 | AZ58: =AX58*AY58 -> 0 | BB58: =VLOOKUP(BA58,'DATABASE F&B'!$C$3:$F$216,2,0) -> 0 | BD58: =VLOOKUP(BA58,'DATABASE F&B'!$C$3:$F$216,4,0) -> 0 | BE58: =BC58*BD58 -> 0 | BG58: =VLOOKUP(BF58,'DATABASE F&B'!$C$3:$F$216,2,0) -> 0 | BI58: =VLOOKUP(BF58,'DATABASE F&B'!$C$3:$F$216,4,0) -> 0 | BJ58: =BH58*BI58 -> 0 | BL58: =VLOOKUP(BK58,'DATABASE F&B'!$C$3:$F$210,2,0) -> 0 | BN58: =VLOOKUP(BK58,'DATABASE F&B'!$C$3:$F$210,4,0) -> 0 | BO58: =BM58*BN58 -> 0 | BQ58: =VLOOKUP(BP58,'DATABASE F&B'!$C$3:$F$210,2,0) -> 0 | BS58: =VLOOKUP(BP58,'DATABASE F&B'!$C$3:$F$210,4,0) -> 0 | BT58: =BR58*BS58 -> 0 | BV58: =VLOOKUP(BU58,'DATABASE F&B'!$C$3:$F$210,2,0) -> 0 | BX58: =VLOOKUP(BU58,'DATABASE F&B'!$C$3:$F$210,4,0) -> 0 | BY58: =BW58*BX58 -> 0 | CA58: =VLOOKUP(BZ58,'DATABASE F&B'!$C$3:$F$210,2,0) -> 0 | CC58: =VLOOKUP(BZ58,'DATABASE F&B'!$C$3:$F$210,4,0) -> 0 | CD58: =CB58*CC58 -> 0
A59: =CONCATENATE(F59,"-",E59,"-20",G59) -> 05-'10-2026 | B59: =B58+1 -> 55 | C59: =C58+1 -> 55 | D59: 46152 | E59: '10 | F59: 05 | G59: 26 | H59: =CONCATENATE("RJ","-",E59,F59,G59,"-",B59) -> RJ-'100526-55 | I59: =CONCATENATE(E59,"-",F59,"-20",G59) -> '10-05-2026 | J59: =VLOOKUP(D59,Laporan!$C$4:$D$34,2,0) -> Minggu | L59: Bar | M59: =SUMIF('DATABASE Room'!$B$3:$B$7,L59,'DATABASE Room'!$D$3:$D$7) -> 0 | N59: 1 | O59: =N59*M59 -> 0 | Q59: =P59*M59 -> 0 | R59: =O59+Q59 -> 0 | S59: =SUMIF($W$4:$CD$4,$S$4,W59:CD59) -> 5 | T59: =SUMIF($W$4:$CD$4,$T$4,W59:CD59) -> 80000 | U59: =R59+T59 -> 80000 | W59: 79 | X59: =VLOOKUP(W59,'DATABASE F&B'!$C$3:$F$216,2,0) -> ERDINGER HELLES LAGER 330ML | Y59: 1 | Z59: =VLOOKUP(W59,'DATABASE F&B'!$C$3:$F$216,4,0) -> 80000 | AA59: =Y59*Z59 -> 80000 | AC59: =VLOOKUP(AB59,'DATABASE F&B'!$C$3:$F$216,2,0) -> 0 | AD59: 1 | AE59: =VLOOKUP(AB59,'DATABASE F&B'!$C$3:$F$216,4,0) -> 0 | AF59: =AD59*AE59 -> 0 | AH59: =VLOOKUP(AG59,'DATABASE F&B'!$C$3:$F$216,2,0) -> 0 | AI59: 1 | AJ59: =VLOOKUP(AG59,'DATABASE F&B'!$C$3:$F$216,4,0) -> 0 | AK59: =AI59*AJ59 -> 0 | AM59: =VLOOKUP(AL59,'DATABASE F&B'!$C$3:$F$216,2,0) -> 0 | AN59: 1 | AO59: =VLOOKUP(AL59,'DATABASE F&B'!$C$3:$F$216,4,0) -> 0 | AP59: =AN59*AO59 -> 0 | AR59: =VLOOKUP(AQ59,'DATABASE F&B'!$C$3:$F$216,2,0) -> 0 | AS59: 1 | AT59: =VLOOKUP(AQ59,'DATABASE F&B'!$C$3:$F$216,4,0) -> 0 | AU59: =AS59*AT59 -> 0 | AW59: =VLOOKUP(AV59,'DATABASE F&B'!$C$3:$F$216,2,0) -> 0 | AY59: =VLOOKUP(AV59,'DATABASE F&B'!$C$3:$F$216,4,0) -> 0 | AZ59: =AX59*AY59 -> 0 | BB59: =VLOOKUP(BA59,'DATABASE F&B'!$C$3:$F$216,2,0) -> 0 | BD59: =VLOOKUP(BA59,'DATABASE F&B'!$C$3:$F$216,4,0) -> 0 | BE59: =BC59*BD59 -> 0 | BG59: =VLOOKUP(BF59,'DATABASE F&B'!$C$3:$F$216,2,0) -> 0 | BI59: =VLOOKUP(BF59,'DATABASE F&B'!$C$3:$F$216,4,0) -> 0 | BJ59: =BH59*BI59 -> 0 | BL59: =VLOOKUP(BK59,'DATABASE F&B'!$C$3:$F$210,2,0) -> 0 | BN59: =VLOOKUP(BK59,'DATABASE F&B'!$C$3:$F$210,4,0) -> 0 | BO59: =BM59*BN59 -> 0 | BQ59: =VLOOKUP(BP59,'DATABASE F&B'!$C$3:$F$210,2,0) -> 0 | BS59: =VLOOKUP(BP59,'DATABASE F&B'!$C$3:$F$210,4,0) -> 0 | BT59: =BR59*BS59 -> 0 | BV59: =VLOOKUP(BU59,'DATABASE F&B'!$C$3:$F$210,2,0) -> 0 | BX59: =VLOOKUP(BU59,'DATABASE F&B'!$C$3:$F$210,4,0) -> 0 | BY59: =BW59*BX59 -> 0 | CA59: =VLOOKUP(BZ59,'DATABASE F&B'!$C$3:$F$210,2,0) -> 0 | CC59: =VLOOKUP(BZ59,'DATABASE F&B'!$C$3:$F$210,4,0) -> 0 | CD59: =CB59*CC59 -> 0
A60: =CONCATENATE(F60,"-",E60,"-20",G60) -> 05-'10-2026 | B60: =B59+1 -> 56 | C60: =C59+1 -> 56 | D60: 46152 | E60: '10 | F60: 05 | G60: 26 | H60: =CONCATENATE("RJ","-",E60,F60,G60,"-",B60) -> RJ-'100526-56 | I60: =CONCATENATE(E60,"-",F60,"-20",G60) -> '10-05-2026 | J60: =VLOOKUP(D60,Laporan!$C$4:$D$34,2,0) -> Minggu | L60: Bar | M60: =SUMIF('DATABASE Room'!$B$3:$B$7,L60,'DATABASE Room'!$D$3:$D$7) -> 0 | N60: 1 | O60: =N60*M60 -> 0 | Q60: =P60*M60 -> 0 | R60: =O60+Q60 -> 0 | S60: =SUMIF($W$4:$CD$4,$S$4,W60:CD60) -> 5 | T60: =SUMIF($W$4:$CD$4,$T$4,W60:CD60) -> 80000 | U60: =R60+T60 -> 80000 | W60: 80 | X60: =VLOOKUP(W60,'DATABASE F&B'!$C$3:$F$216,2,0) -> CORONA 330ML | Y60: 1 | Z60: =VLOOKUP(W60,'DATABASE F&B'!$C$3:$F$216,4,0) -> 80000 | AA60: =Y60*Z60 -> 80000 | AC60: =VLOOKUP(AB60,'DATABASE F&B'!$C$3:$F$216,2,0) -> 0 | AD60: 1 | AE60: =VLOOKUP(AB60,'DATABASE F&B'!$C$3:$F$216,4,0) -> 0 | AF60: =AD60*AE60 -> 0 | AH60: =VLOOKUP(AG60,'DATABASE F&B'!$C$3:$F$216,2,0) -> 0 | AI60: 1 | AJ60: =VLOOKUP(AG60,'DATABASE F&B'!$C$3:$F$216,4,0) -> 0 | AK60: =AI60*AJ60 -> 0 | AM60: =VLOOKUP(AL60,'DATABASE F&B'!$C$3:$F$216,2,0) -> 0 | AN60: 1 | AO60: =VLOOKUP(AL60,'DATABASE F&B'!$C$3:$F$216,4,0) -> 0 | AP60: =AN60*AO60 -> 0 | AR60: =VLOOKUP(AQ60,'DATABASE F&B'!$C$3:$F$216,2,0) -> 0 | AS60: 1 | AT60: =VLOOKUP(AQ60,'DATABASE F&B'!$C$3:$F$216,4,0) -> 0 | AU60: =AS60*AT60 -> 0 | AW60: =VLOOKUP(AV60,'DATABASE F&B'!$C$3:$F$216,2,0) -> 0 | AY60: =VLOOKUP(AV60,'DATABASE F&B'!$C$3:$F$216,4,0) -> 0 | AZ60: =AX60*AY60 -> 0 | BB60: =VLOOKUP(BA60,'DATABASE F&B'!$C$3:$F$216,2,0) -> 0 | BD60: =VLOOKUP(BA60,'DATABASE F&B'!$C$3:$F$216,4,0) -> 0 | BE60: =BC60*BD60 -> 0 | BG60: =VLOOKUP(BF60,'DATABASE F&B'!$C$3:$F$216,2,0) -> 0 | BI60: =VLOOKUP(BF60,'DATABASE F&B'!$C$3:$F$216,4,0) -> 0 | BJ60: =BH60*BI60 -> 0 | BL60: =VLOOKUP(BK60,'DATABASE F&B'!$C$3:$F$210,2,0) -> 0 | BN60: =VLOOKUP(BK60,'DATABASE F&B'!$C$3:$F$210,4,0) -> 0 | BO60: =BM60*BN60 -> 0 | BQ60: =VLOOKUP(BP60,'DATABASE F&B'!$C$3:$F$210,2,0) -> 0 | BS60: =VLOOKUP(BP60,'DATABASE F&B'!$C$3:$F$210,4,0) -> 0 | BT60: =BR60*BS60 -> 0 | BV60: =VLOOKUP(BU60,'DATABASE F&B'!$C$3:$F$210,2,0) -> 0 | BX60: =VLOOKUP(BU60,'DATABASE F&B'!$C$3:$F$210,4,0) -> 0 | BY60: =BW60*BX60 -> 0 | CA60: =VLOOKUP(BZ60,'DATABASE F&B'!$C$3:$F$210,2,0) -> 0 | CC60: =VLOOKUP(BZ60,'DATABASE F&B'!$C$3:$F$210,4,0) -> 0 | CD60: =CB60*CC60 -> 0
A61: =CONCATENATE(F61,"-",E61,"-20",G61) -> 05-'10-2026 | B61: =B60+1 -> 57 | C61: =C60+1 -> 57 | D61: 46152 | E61: '10 | F61: 05 | G61: 26 | H61: =CONCATENATE("RJ","-",E61,F61,G61,"-",B61) -> RJ-'100526-57 | I61: =CONCATENATE(E61,"-",F61,"-20",G61) -> '10-05-2026 | J61: =VLOOKUP(D61,Laporan!$C$4:$D$34,2,0) -> Minggu | L61: Bar | M61: =SUMIF('DATABASE Room'!$B$3:$B$7,L61,'DATABASE Room'!$D$3:$D$7) -> 0 | N61: 1 | O61: =N61*M61 -> 0 | Q61: =P61*M61 -> 0 | R61: =O61+Q61 -> 0 | S61: =SUMIF($W$4:$CD$4,$S$4,W61:CD61) -> 5 | T61: =SUMIF($W$4:$CD$4,$T$4,W61:CD61) -> 160000 | U61: =R61+T61 -> 160000 | W61: 81 | X61: =VLOOKUP(W61,'DATABASE F&B'!$C$3:$F$216,2,0) -> CONG YANG 620ML | Y61: 1 | Z61: =VLOOKUP(W61,'DATABASE F&B'!$C$3:$F$216,4,0) -> 160000 | AA61: =Y61*Z61 -> 160000 | AC61: =VLOOKUP(AB61,'DATABASE F&B'!$C$3:$F$216,2,0) -> 0 | AD61: 1 | AE61: =VLOOKUP(AB61,'DATABASE F&B'!$C$3:$F$216,4,0) -> 0 | AF61: =AD61*AE61 -> 0 | AH61: =VLOOKUP(AG61,'DATABASE F&B'!$C$3:$F$216,2,0) -> 0 | AI61: 1 | AJ61: =VLOOKUP(AG61,'DATABASE F&B'!$C$3:$F$216,4,0) -> 0 | AK61: =AI61*AJ61 -> 0 | AM61: =VLOOKUP(AL61,'DATABASE F&B'!$C$3:$F$216,2,0) -> 0 | AN61: 1 | AO61: =VLOOKUP(AL61,'DATABASE F&B'!$C$3:$F$216,4,0) -> 0 | AP61: =AN61*AO61 -> 0 | AR61: =VLOOKUP(AQ61,'DATABASE F&B'!$C$3:$F$216,2,0) -> 0 | AS61: 1 | AT61: =VLOOKUP(AQ61,'DATABASE F&B'!$C$3:$F$216,4,0) -> 0 | AU61: =AS61*AT61 -> 0 | AW61: =VLOOKUP(AV61,'DATABASE F&B'!$C$3:$F$216,2,0) -> 0 | AY61: =VLOOKUP(AV61,'DATABASE F&B'!$C$3:$F$216,4,0) -> 0 | AZ61: =AX61*AY61 -> 0 | BB61: =VLOOKUP(BA61,'DATABASE F&B'!$C$3:$F$216,2,0) -> 0 | BD61: =VLOOKUP(BA61,'DATABASE F&B'!$C$3:$F$216,4,0) -> 0 | BE61: =BC61*BD61 -> 0 | BG61: =VLOOKUP(BF61,'DATABASE F&B'!$C$3:$F$216,2,0) -> 0 | BI61: =VLOOKUP(BF61,'DATABASE F&B'!$C$3:$F$216,4,0) -> 0 | BJ61: =BH61*BI61 -> 0 | BL61: =VLOOKUP(BK61,'DATABASE F&B'!$C$3:$F$210,2,0) -> 0 | BN61: =VLOOKUP(BK61,'DATABASE F&B'!$C$3:$F$210,4,0) -> 0 | BO61: =BM61*BN61 -> 0 | BQ61: =VLOOKUP(BP61,'DATABASE F&B'!$C$3:$F$210,2,0) -> 0 | BS61: =VLOOKUP(BP61,'DATABASE F&B'!$C$3:$F$210,4,0) -> 0 | BT61: =BR61*BS61 -> 0 | BV61: =VLOOKUP(BU61,'DATABASE F&B'!$C$3:$F$210,2,0) -> 0 | BX61: =VLOOKUP(BU61,'DATABASE F&B'!$C$3:$F$210,4,0) -> 0 | BY61: =BW61*BX61 -> 0 | CA61: =VLOOKUP(BZ61,'DATABASE F&B'!$C$3:$F$210,2,0) -> 0 | CC61: =VLOOKUP(BZ61,'DATABASE F&B'!$C$3:$F$210,4,0) -> 0 | CD61: =CB61*CC61 -> 0
A62: =CONCATENATE(F62,"-",E62,"-20",G62) -> 05-'10-2026 | B62: =B61+1 -> 58 | C62: =C61+1 -> 58 | D62: 46152 | E62: '10 | F62: 05 | G62: 26 | H62: =CONCATENATE("RJ","-",E62,F62,G62,"-",B62) -> RJ-'100526-58 | I62: =CONCATENATE(E62,"-",F62,"-20",G62) -> '10-05-2026 | J62: =VLOOKUP(D62,Laporan!$C$4:$D$34,2,0) -> Minggu | L62: Bar | M62: =SUMIF('DATABASE Room'!$B$3:$B$7,L62,'DATABASE Room'!$D$3:$D$7) -> 0 | N62: 1 | O62: =N62*M62 -> 0 | Q62: =P62*M62 -> 0 | R62: =O62+Q62 -> 0 | S62: =SUMIF($W$4:$CD$4,$S$4,W62:CD62) -> 5 | T62: =SUMIF($W$4:$CD$4,$T$4,W62:CD62) -> 320000 | U62: =R62+T62 -> 320000 | W62: 82 | X62: =VLOOKUP(W62,'DATABASE F&B'!$C$3:$F$216,2,0) -> ANI ANGGUR LYCHEE | Y62: 1 | Z62: =VLOOKUP(W62,'DATABASE F&B'!$C$3:$F$216,4,0) -> 160000 | AA62: =Y62*Z62 -> 160000 | AB62: 81 | AC62: =VLOOKUP(AB62,'DATABASE F&B'!$C$3:$F$216,2,0) -> CONG YANG 620ML | AD62: 1 | AE62: =VLOOKUP(AB62,'DATABASE F&B'!$C$3:$F$216,4,0) -> 160000 | AF62: =AD62*AE62 -> 160000 | AH62: =VLOOKUP(AG62,'DATABASE F&B'!$C$3:$F$216,2,0) -> 0 | AI62: 1 | AJ62: =VLOOKUP(AG62,'DATABASE F&B'!$C$3:$F$216,4,0) -> 0 | AK62: =AI62*AJ62 -> 0 | AM62: =VLOOKUP(AL62,'DATABASE F&B'!$C$3:$F$216,2,0) -> 0 | AN62: 1 | AO62: =VLOOKUP(AL62,'DATABASE F&B'!$C$3:$F$216,4,0) -> 0 | AP62: =AN62*AO62 -> 0 | AR62: =VLOOKUP(AQ62,'DATABASE F&B'!$C$3:$F$216,2,0) -> 0 | AS62: 1 | AT62: =VLOOKUP(AQ62,'DATABASE F&B'!$C$3:$F$216,4,0) -> 0 | AU62: =AS62*AT62 -> 0 | AW62: =VLOOKUP(AV62,'DATABASE F&B'!$C$3:$F$216,2,0) -> 0 | AY62: =VLOOKUP(AV62,'DATABASE F&B'!$C$3:$F$216,4,0) -> 0 | AZ62: =AX62*AY62 -> 0 | BB62: =VLOOKUP(BA62,'DATABASE F&B'!$C$3:$F$216,2,0) -> 0 | BD62: =VLOOKUP(BA62,'DATABASE F&B'!$C$3:$F$216,4,0) -> 0 | BE62: =BC62*BD62 -> 0 | BG62: =VLOOKUP(BF62,'DATABASE F&B'!$C$3:$F$216,2,0) -> 0 | BI62: =VLOOKUP(BF62,'DATABASE F&B'!$C$3:$F$216,4,0) -> 0 | BJ62: =BH62*BI62 -> 0 | BL62: =VLOOKUP(BK62,'DATABASE F&B'!$C$3:$F$210,2,0) -> 0 | BN62: =VLOOKUP(BK62,'DATABASE F&B'!$C$3:$F$210,4,0) -> 0 | BO62: =BM62*BN62 -> 0 | BQ62: =VLOOKUP(BP62,'DATABASE F&B'!$C$3:$F$210,2,0) -> 0 | BS62: =VLOOKUP(BP62,'DATABASE F&B'!$C$3:$F$210,4,0) -> 0 | BT62: =BR62*BS62 -> 0 | BV62: =VLOOKUP(BU62,'DATABASE F&B'!$C$3:$F$210,2,0) -> 0 | BX62: =VLOOKUP(BU62,'DATABASE F&B'!$C$3:$F$210,4,0) -> 0 | BY62: =BW62*BX62 -> 0 | CA62: =VLOOKUP(BZ62,'DATABASE F&B'!$C$3:$F$210,2,0) -> 0 | CC62: =VLOOKUP(BZ62,'DATABASE F&B'!$C$3:$F$210,4,0) -> 0 | CD62: =CB62*CC62 -> 0
A63: =CONCATENATE(F63,"-",E63,"-20",G63) -> 05-'10-2026 | B63: =B62+1 -> 59 | C63: =C62+1 -> 59 | D63: 46152 | E63: '10 | F63: 05 | G63: 26 | H63: =CONCATENATE("RJ","-",E63,F63,G63,"-",B63) -> RJ-'100526-59 | I63: =CONCATENATE(E63,"-",F63,"-20",G63) -> '10-05-2026 | J63: =VLOOKUP(D63,Laporan!$C$4:$D$34,2,0) -> Minggu | L63: Bar | M63: =SUMIF('DATABASE Room'!$B$3:$B$7,L63,'DATABASE Room'!$D$3:$D$7) -> 0 | N63: 1 | O63: =N63*M63 -> 0 | Q63: =P63*M63 -> 0 | R63: =O63+Q63 -> 0 | S63: =SUMIF($W$4:$CD$4,$S$4,W63:CD63) -> 5 | T63: =SUMIF($W$4:$CD$4,$T$4,W63:CD63) -> 160000 | U63: =R63+T63 -> 160000 | W63: 83 | X63: =VLOOKUP(W63,'DATABASE F&B'!$C$3:$F$216,2,0) -> ANGGUR MERAH REGULER | Y63: 1 | Z63: =VLOOKUP(W63,'DATABASE F&B'!$C$3:$F$216,4,0) -> 160000 | AA63: =Y63*Z63 -> 160000 | AC63: =VLOOKUP(AB63,'DATABASE F&B'!$C$3:$F$216,2,0) -> 0 | AD63: 1 | AE63: =VLOOKUP(AB63,'DATABASE F&B'!$C$3:$F$216,4,0) -> 0 | AF63: =AD63*AE63 -> 0 | AH63: =VLOOKUP(AG63,'DATABASE F&B'!$C$3:$F$216,2,0) -> 0 | AI63: 1 | AJ63: =VLOOKUP(AG63,'DATABASE F&B'!$C$3:$F$216,4,0) -> 0 | AK63: =AI63*AJ63 -> 0 | AM63: =VLOOKUP(AL63,'DATABASE F&B'!$C$3:$F$216,2,0) -> 0 | AN63: 1 | AO63: =VLOOKUP(AL63,'DATABASE F&B'!$C$3:$F$216,4,0) -> 0 | AP63: =AN63*AO63 -> 0 | AR63: =VLOOKUP(AQ63,'DATABASE F&B'!$C$3:$F$216,2,0) -> 0 | AS63: 1 | AT63: =VLOOKUP(AQ63,'DATABASE F&B'!$C$3:$F$216,4,0) -> 0 | AU63: =AS63*AT63 -> 0 | AW63: =VLOOKUP(AV63,'DATABASE F&B'!$C$3:$F$216,2,0) -> 0 | AY63: =VLOOKUP(AV63,'DATABASE F&B'!$C$3:$F$216,4,0) -> 0 | AZ63: =AX63*AY63 -> 0 | BB63: =VLOOKUP(BA63,'DATABASE F&B'!$C$3:$F$216,2,0) -> 0 | BD63: =VLOOKUP(BA63,'DATABASE F&B'!$C$3:$F$216,4,0) -> 0 | BE63: =BC63*BD63 -> 0 | BG63: =VLOOKUP(BF63,'DATABASE F&B'!$C$3:$F$216,2,0) -> 0 | BI63: =VLOOKUP(BF63,'DATABASE F&B'!$C$3:$F$216,4,0) -> 0 | BJ63: =BH63*BI63 -> 0 | BL63: =VLOOKUP(BK63,'DATABASE F&B'!$C$3:$F$210,2,0) -> 0 | BN63: =VLOOKUP(BK63,'DATABASE F&B'!$C$3:$F$210,4,0) -> 0 | BO63: =BM63*BN63 -> 0 | BQ63: =VLOOKUP(BP63,'DATABASE F&B'!$C$3:$F$210,2,0) -> 0 | BS63: =VLOOKUP(BP63,'DATABASE F&B'!$C$3:$F$210,4,0) -> 0 | BT63: =BR63*BS63 -> 0 | BV63: =VLOOKUP(BU63,'DATABASE F&B'!$C$3:$F$210,2,0) -> 0 | BX63: =VLOOKUP(BU63,'DATABASE F&B'!$C$3:$F$210,4,0) -> 0 | BY63: =BW63*BX63 -> 0 | CA63: =VLOOKUP(BZ63,'DATABASE F&B'!$C$3:$F$210,2,0) -> 0 | CC63: =VLOOKUP(BZ63,'DATABASE F&B'!$C$3:$F$210,4,0) -> 0 | CD63: =CB63*CC63 -> 0
A64: =CONCATENATE(F64,"-",E64,"-20",G64) -> 05-'11-2026 | B64: =B63+1 -> 60 | C64: =C63+1 -> 60 | D64: 46153 | E64: '11 | F64: 05 | G64: 26 | H64: =CONCATENATE("RJ","-",E64,F64,G64,"-",B64) -> RJ-'110526-60 | I64: =CONCATENATE(E64,"-",F64,"-20",G64) -> '11-05-2026 | J64: =VLOOKUP(D64,Laporan!$C$4:$D$34,2,0) -> Senin | L64: Bar | M64: =SUMIF('DATABASE Room'!$B$3:$B$7,L64,'DATABASE Room'!$D$3:$D$7) -> 0 | N64: 1 | O64: =N64*M64 -> 0 | Q64: =P64*M64 -> 0 | R64: =O64+Q64 -> 0 | S64: =SUMIF($W$4:$CD$4,$S$4,W64:CD64) -> 5 | T64: =SUMIF($W$4:$CD$4,$T$4,W64:CD64) -> 155000 | U64: =R64+T64 -> 155000 | W64: 84 | X64: =VLOOKUP(W64,'DATABASE F&B'!$C$3:$F$216,2,0) -> ANI ANGGUR HIJAU | Y64: 1 | Z64: =VLOOKUP(W64,'DATABASE F&B'!$C$3:$F$216,4,0) -> 155000 | AA64: =Y64*Z64 -> 155000 | AC64: =VLOOKUP(AB64,'DATABASE F&B'!$C$3:$F$216,2,0) -> 0 | AD64: 1 | AE64: =VLOOKUP(AB64,'DATABASE F&B'!$C$3:$F$216,4,0) -> 0 | AF64: =AD64*AE64 -> 0 | AH64: =VLOOKUP(AG64,'DATABASE F&B'!$C$3:$F$216,2,0) -> 0 | AI64: 1 | AJ64: =VLOOKUP(AG64,'DATABASE F&B'!$C$3:$F$216,4,0) -> 0 | AK64: =AI64*AJ64 -> 0 | AM64: =VLOOKUP(AL64,'DATABASE F&B'!$C$3:$F$216,2,0) -> 0 | AN64: 1 | AO64: =VLOOKUP(AL64,'DATABASE F&B'!$C$3:$F$216,4,0) -> 0 | AP64: =AN64*AO64 -> 0 | AR64: =VLOOKUP(AQ64,'DATABASE F&B'!$C$3:$F$216,2,0) -> 0 | AS64: 1 | AT64: =VLOOKUP(AQ64,'DATABASE F&B'!$C$3:$F$216,4,0) -> 0 | AU64: =AS64*AT64 -> 0 | AW64: =VLOOKUP(AV64,'DATABASE F&B'!$C$3:$F$216,2,0) -> 0 | AY64: =VLOOKUP(AV64,'DATABASE F&B'!$C$3:$F$216,4,0) -> 0 | AZ64: =AX64*AY64 -> 0 | BB64: =VLOOKUP(BA64,'DATABASE F&B'!$C$3:$F$216,2,0) -> 0 | BD64: =VLOOKUP(BA64,'DATABASE F&B'!$C$3:$F$216,4,0) -> 0 | BE64: =BC64*BD64 -> 0 | BG64: =VLOOKUP(BF64,'DATABASE F&B'!$C$3:$F$216,2,0) -> 0 | BI64: =VLOOKUP(BF64,'DATABASE F&B'!$C$3:$F$216,4,0) -> 0 | BJ64: =BH64*BI64 -> 0 | BL64: =VLOOKUP(BK64,'DATABASE F&B'!$C$3:$F$210,2,0) -> 0 | BN64: =VLOOKUP(BK64,'DATABASE F&B'!$C$3:$F$210,4,0) -> 0 | BO64: =BM64*BN64 -> 0 | BQ64: =VLOOKUP(BP64,'DATABASE F&B'!$C$3:$F$210,2,0) -> 0 | BS64: =VLOOKUP(BP64,'DATABASE F&B'!$C$3:$F$210,4,0) -> 0 | BT64: =BR64*BS64 -> 0 | BV64: =VLOOKUP(BU64,'DATABASE F&B'!$C$3:$F$210,2,0) -> 0 | BX64: =VLOOKUP(BU64,'DATABASE F&B'!$C$3:$F$210,4,0) -> 0 | BY64: =BW64*BX64 -> 0 | CA64: =VLOOKUP(BZ64,'DATABASE F&B'!$C$3:$F$210,2,0) -> 0 | CC64: =VLOOKUP(BZ64,'DATABASE F&B'!$C$3:$F$210,4,0) -> 0 | CD64: =CB64*CC64 -> 0
A65: =CONCATENATE(F65,"-",E65,"-20",G65) -> 05-'11-2026 | B65: =B64+1 -> 61 | C65: =C64+1 -> 61 | D65: 46153 | E65: '11 | F65: 05 | G65: 26 | H65: =CONCATENATE("RJ","-",E65,F65,G65,"-",B65) -> RJ-'110526-61 | I65: =CONCATENATE(E65,"-",F65,"-20",G65) -> '11-05-2026 | J65: =VLOOKUP(D65,Laporan!$C$4:$D$34,2,0) -> Senin | L65: Bar | M65: =SUMIF('DATABASE Room'!$B$3:$B$7,L65,'DATABASE Room'!$D$3:$D$7) -> 0 | N65: 1 | O65: =N65*M65 -> 0 | Q65: =P65*M65 -> 0 | R65: =O65+Q65 -> 0 | S65: =SUMIF($W$4:$CD$4,$S$4,W65:CD65) -> 5 | T65: =SUMIF($W$4:$CD$4,$T$4,W65:CD65) -> 170000 | U65: =R65+T65 -> 170000 | W65: 85 | X65: =VLOOKUP(W65,'DATABASE F&B'!$C$3:$F$216,2,0) -> KAWA KAWA ANGGUR HIJAU | Y65: 1 | Z65: =VLOOKUP(W65,'DATABASE F&B'!$C$3:$F$216,4,0) -> 170000 | AA65: =Y65*Z65 -> 170000 | AC65: =VLOOKUP(AB65,'DATABASE F&B'!$C$3:$F$216,2,0) -> 0 | AD65: 1 | AE65: =VLOOKUP(AB65,'DATABASE F&B'!$C$3:$F$216,4,0) -> 0 | AF65: =AD65*AE65 -> 0 | AH65: =VLOOKUP(AG65,'DATABASE F&B'!$C$3:$F$216,2,0) -> 0 | AI65: 1 | AJ65: =VLOOKUP(AG65,'DATABASE F&B'!$C$3:$F$216,4,0) -> 0 | AK65: =AI65*AJ65 -> 0 | AM65: =VLOOKUP(AL65,'DATABASE F&B'!$C$3:$F$216,2,0) -> 0 | AN65: 1 | AO65: =VLOOKUP(AL65,'DATABASE F&B'!$C$3:$F$216,4,0) -> 0 | AP65: =AN65*AO65 -> 0 | AR65: =VLOOKUP(AQ65,'DATABASE F&B'!$C$3:$F$216,2,0) -> 0 | AS65: 1 | AT65: =VLOOKUP(AQ65,'DATABASE F&B'!$C$3:$F$216,4,0) -> 0 | AU65: =AS65*AT65 -> 0 | AW65: =VLOOKUP(AV65,'DATABASE F&B'!$C$3:$F$216,2,0) -> 0 | AY65: =VLOOKUP(AV65,'DATABASE F&B'!$C$3:$F$216,4,0) -> 0 | AZ65: =AX65*AY65 -> 0 | BB65: =VLOOKUP(BA65,'DATABASE F&B'!$C$3:$F$216,2,0) -> 0 | BD65: =VLOOKUP(BA65,'DATABASE F&B'!$C$3:$F$216,4,0) -> 0 | BE65: =BC65*BD65 -> 0 | BG65: =VLOOKUP(BF65,'DATABASE F&B'!$C$3:$F$216,2,0) -> 0 | BI65: =VLOOKUP(BF65,'DATABASE F&B'!$C$3:$F$216,4,0) -> 0 | BJ65: =BH65*BI65 -> 0 | BL65: =VLOOKUP(BK65,'DATABASE F&B'!$C$3:$F$210,2,0) -> 0 | BN65: =VLOOKUP(BK65,'DATABASE F&B'!$C$3:$F$210,4,0) -> 0 | BO65: =BM65*BN65 -> 0 | BQ65: =VLOOKUP(BP65,'DATABASE F&B'!$C$3:$F$210,2,0) -> 0 | BS65: =VLOOKUP(BP65,'DATABASE F&B'!$C$3:$F$210,4,0) -> 0 | BT65: =BR65*BS65 -> 0 | BV65: =VLOOKUP(BU65,'DATABASE F&B'!$C$3:$F$210,2,0) -> 0 | BX65: =VLOOKUP(BU65,'DATABASE F&B'!$C$3:$F$210,4,0) -> 0 | BY65: =BW65*BX65 -> 0 | CA65: =VLOOKUP(BZ65,'DATABASE F&B'!$C$3:$F$210,2,0) -> 0 | CC65: =VLOOKUP(BZ65,'DATABASE F&B'!$C$3:$F$210,4,0) -> 0 | CD65: =CB65*CC65 -> 0
A66: =CONCATENATE(F66,"-",E66,"-20",G66) -> 05-'11-2026 | B66: =B65+1 -> 62 | C66: =C65+1 -> 62 | D66: 46153 | E66: '11 | F66: 05 | G66: 26 | H66: =CONCATENATE("RJ","-",E66,F66,G66,"-",B66) -> RJ-'110526-62 | I66: =CONCATENATE(E66,"-",F66,"-20",G66) -> '11-05-2026 | J66: =VLOOKUP(D66,Laporan!$C$4:$D$34,2,0) -> Senin | L66: Bar | M66: =SUMIF('DATABASE Room'!$B$3:$B$7,L66,'DATABASE Room'!$D$3:$D$7) -> 0 | N66: 1 | O66: =N66*M66 -> 0 | Q66: =P66*M66 -> 0 | R66: =O66+Q66 -> 0 | S66: =SUMIF($W$4:$CD$4,$S$4,W66:CD66) -> 5 | T66: =SUMIF($W$4:$CD$4,$T$4,W66:CD66) -> 125000 | U66: =R66+T66 -> 125000 | W66: 86 | X66: =VLOOKUP(W66,'DATABASE F&B'!$C$3:$F$216,2,0) -> SOJU GREEN ROYAL APPLE | Y66: 1 | Z66: =VLOOKUP(W66,'DATABASE F&B'!$C$3:$F$216,4,0) -> 125000 | AA66: =Y66*Z66 -> 125000 | AC66: =VLOOKUP(AB66,'DATABASE F&B'!$C$3:$F$216,2,0) -> 0 | AD66: 1 | AE66: =VLOOKUP(AB66,'DATABASE F&B'!$C$3:$F$216,4,0) -> 0 | AF66: =AD66*AE66 -> 0 | AH66: =VLOOKUP(AG66,'DATABASE F&B'!$C$3:$F$216,2,0) -> 0 | AI66: 1 | AJ66: =VLOOKUP(AG66,'DATABASE F&B'!$C$3:$F$216,4,0) -> 0 | AK66: =AI66*AJ66 -> 0 | AM66: =VLOOKUP(AL66,'DATABASE F&B'!$C$3:$F$216,2,0) -> 0 | AN66: 1 | AO66: =VLOOKUP(AL66,'DATABASE F&B'!$C$3:$F$216,4,0) -> 0 | AP66: =AN66*AO66 -> 0 | AR66: =VLOOKUP(AQ66,'DATABASE F&B'!$C$3:$F$216,2,0) -> 0 | AS66: 1 | AT66: =VLOOKUP(AQ66,'DATABASE F&B'!$C$3:$F$216,4,0) -> 0 | AU66: =AS66*AT66 -> 0 | AW66: =VLOOKUP(AV66,'DATABASE F&B'!$C$3:$F$216,2,0) -> 0 | AY66: =VLOOKUP(AV66,'DATABASE F&B'!$C$3:$F$216,4,0) -> 0 | AZ66: =AX66*AY66 -> 0 | BB66: =VLOOKUP(BA66,'DATABASE F&B'!$C$3:$F$216,2,0) -> 0 | BD66: =VLOOKUP(BA66,'DATABASE F&B'!$C$3:$F$216,4,0) -> 0 | BE66: =BC66*BD66 -> 0 | BG66: =VLOOKUP(BF66,'DATABASE F&B'!$C$3:$F$216,2,0) -> 0 | BI66: =VLOOKUP(BF66,'DATABASE F&B'!$C$3:$F$216,4,0) -> 0 | BJ66: =BH66*BI66 -> 0 | BL66: =VLOOKUP(BK66,'DATABASE F&B'!$C$3:$F$210,2,0) -> 0 | BN66: =VLOOKUP(BK66,'DATABASE F&B'!$C$3:$F$210,4,0) -> 0 | BO66: =BM66*BN66 -> 0 | BQ66: =VLOOKUP(BP66,'DATABASE F&B'!$C$3:$F$210,2,0) -> 0 | BS66: =VLOOKUP(BP66,'DATABASE F&B'!$C$3:$F$210,4,0) -> 0 | BT66: =BR66*BS66 -> 0 | BV66: =VLOOKUP(BU66,'DATABASE F&B'!$C$3:$F$210,2,0) -> 0 | BX66: =VLOOKUP(BU66,'DATABASE F&B'!$C$3:$F$210,4,0) -> 0 | BY66: =BW66*BX66 -> 0 | CA66: =VLOOKUP(BZ66,'DATABASE F&B'!$C$3:$F$210,2,0) -> 0 | CC66: =VLOOKUP(BZ66,'DATABASE F&B'!$C$3:$F$210,4,0) -> 0 | CD66: =CB66*CC66 -> 0
A67: =CONCATENATE(F67,"-",E67,"-20",G67) -> 05-'11-2026 | B67: =B66+1 -> 63 | C67: =C66+1 -> 63 | D67: 46153 | E67: '11 | F67: 05 | G67: 26 | H67: =CONCATENATE("RJ","-",E67,F67,G67,"-",B67) -> RJ-'110526-63 | I67: =CONCATENATE(E67,"-",F67,"-20",G67) -> '11-05-2026 | J67: =VLOOKUP(D67,Laporan!$C$4:$D$34,2,0) -> Senin | L67: Bar | M67: =SUMIF('DATABASE Room'!$B$3:$B$7,L67,'DATABASE Room'!$D$3:$D$7) -> 0 | N67: 1 | O67: =N67*M67 -> 0 | Q67: =P67*M67 -> 0 | R67: =O67+Q67 -> 0 | S67: =SUMIF($W$4:$CD$4,$S$4,W67:CD67) -> 5 | T67: =SUMIF($W$4:$CD$4,$T$4,W67:CD67) -> 700000 | U67: =R67+T67 -> 700000 | W67: 87 | X67: =VLOOKUP(W67,'DATABASE F&B'!$C$3:$F$216,2,0) -> SOJU GREEN ROYAL LYCHEE | Y67: 1 | Z67: =VLOOKUP(W67,'DATABASE F&B'!$C$3:$F$216,4,0) -> 125000 | AA67: =Y67*Z67 -> 125000 | AB67: 114 | AC67: =VLOOKUP(AB67,'DATABASE F&B'!$C$3:$F$216,2,0) -> JAMESON | AD67: 1 | AE67: =VLOOKUP(AB67,'DATABASE F&B'!$C$3:$F$216,4,0) -> 575000 | AF67: =AD67*AE67 -> 575000 | AH67: =VLOOKUP(AG67,'DATABASE F&B'!$C$3:$F$216,2,0) -> 0 | AI67: 1 | AJ67: =VLOOKUP(AG67,'DATABASE F&B'!$C$3:$F$216,4,0) -> 0 | AK67: =AI67*AJ67 -> 0 | AM67: =VLOOKUP(AL67,'DATABASE F&B'!$C$3:$F$216,2,0) -> 0 | AN67: 1 | AO67: =VLOOKUP(AL67,'DATABASE F&B'!$C$3:$F$216,4,0) -> 0 | AP67: =AN67*AO67 -> 0 | AR67: =VLOOKUP(AQ67,'DATABASE F&B'!$C$3:$F$216,2,0) -> 0 | AS67: 1 | AT67: =VLOOKUP(AQ67,'DATABASE F&B'!$C$3:$F$216,4,0) -> 0 | AU67: =AS67*AT67 -> 0 | AW67: =VLOOKUP(AV67,'DATABASE F&B'!$C$3:$F$216,2,0) -> 0 | AY67: =VLOOKUP(AV67,'DATABASE F&B'!$C$3:$F$216,4,0) -> 0 | AZ67: =AX67*AY67 -> 0 | BB67: =VLOOKUP(BA67,'DATABASE F&B'!$C$3:$F$216,2,0) -> 0 | BD67: =VLOOKUP(BA67,'DATABASE F&B'!$C$3:$F$216,4,0) -> 0 | BE67: =BC67*BD67 -> 0 | BG67: =VLOOKUP(BF67,'DATABASE F&B'!$C$3:$F$216,2,0) -> 0 | BI67: =VLOOKUP(BF67,'DATABASE F&B'!$C$3:$F$216,4,0) -> 0 | BJ67: =BH67*BI67 -> 0 | BL67: =VLOOKUP(BK67,'DATABASE F&B'!$C$3:$F$210,2,0) -> 0 | BN67: =VLOOKUP(BK67,'DATABASE F&B'!$C$3:$F$210,4,0) -> 0 | BO67: =BM67*BN67 -> 0 | BQ67: =VLOOKUP(BP67,'DATABASE F&B'!$C$3:$F$210,2,0) -> 0 | BS67: =VLOOKUP(BP67,'DATABASE F&B'!$C$3:$F$210,4,0) -> 0 | BT67: =BR67*BS67 -> 0 | BV67: =VLOOKUP(BU67,'DATABASE F&B'!$C$3:$F$210,2,0) -> 0 | BX67: =VLOOKUP(BU67,'DATABASE F&B'!$C$3:$F$210,4,0) -> 0 | BY67: =BW67*BX67 -> 0 | CA67: =VLOOKUP(BZ67,'DATABASE F&B'!$C$3:$F$210,2,0) -> 0 | CC67: =VLOOKUP(BZ67,'DATABASE F&B'!$C$3:$F$210,4,0) -> 0 | CD67: =CB67*CC67 -> 0
A68: =CONCATENATE(F68,"-",E68,"-20",G68) -> 05-'11-2026 | B68: =B67+1 -> 64 | C68: =C67+1 -> 64 | D68: 46153 | E68: '11 | F68: 05 | G68: 26 | H68: =CONCATENATE("RJ","-",E68,F68,G68,"-",B68) -> RJ-'110526-64 | I68: =CONCATENATE(E68,"-",F68,"-20",G68) -> '11-05-2026 | J68: =VLOOKUP(D68,Laporan!$C$4:$D$34,2,0) -> Senin | L68: Bar | M68: =SUMIF('DATABASE Room'!$B$3:$B$7,L68,'DATABASE Room'!$D$3:$D$7) -> 0 | N68: 1 | O68: =N68*M68 -> 0 | Q68: =P68*M68 -> 0 | R68: =O68+Q68 -> 0 | S68: =SUMIF($W$4:$CD$4,$S$4,W68:CD68) -> 5 | T68: =SUMIF($W$4:$CD$4,$T$4,W68:CD68) -> 125000 | U68: =R68+T68 -> 125000 | W68: 88 | X68: =VLOOKUP(W68,'DATABASE F&B'!$C$3:$F$216,2,0) -> SOJU GREEN ROYAL MANGO | Y68: 1 | Z68: =VLOOKUP(W68,'DATABASE F&B'!$C$3:$F$216,4,0) -> 125000 | AA68: =Y68*Z68 -> 125000 | AC68: =VLOOKUP(AB68,'DATABASE F&B'!$C$3:$F$216,2,0) -> 0 | AD68: 1 | AE68: =VLOOKUP(AB68,'DATABASE F&B'!$C$3:$F$216,4,0) -> 0 | AF68: =AD68*AE68 -> 0 | AH68: =VLOOKUP(AG68,'DATABASE F&B'!$C$3:$F$216,2,0) -> 0 | AI68: 1 | AJ68: =VLOOKUP(AG68,'DATABASE F&B'!$C$3:$F$216,4,0) -> 0 | AK68: =AI68*AJ68 -> 0 | AM68: =VLOOKUP(AL68,'DATABASE F&B'!$C$3:$F$216,2,0) -> 0 | AN68: 1 | AO68: =VLOOKUP(AL68,'DATABASE F&B'!$C$3:$F$216,4,0) -> 0 | AP68: =AN68*AO68 -> 0 | AR68: =VLOOKUP(AQ68,'DATABASE F&B'!$C$3:$F$216,2,0) -> 0 | AS68: 1 | AT68: =VLOOKUP(AQ68,'DATABASE F&B'!$C$3:$F$216,4,0) -> 0 | AU68: =AS68*AT68 -> 0 | AW68: =VLOOKUP(AV68,'DATABASE F&B'!$C$3:$F$216,2,0) -> 0 | AY68: =VLOOKUP(AV68,'DATABASE F&B'!$C$3:$F$216,4,0) -> 0 | AZ68: =AX68*AY68 -> 0 | BB68: =VLOOKUP(BA68,'DATABASE F&B'!$C$3:$F$216,2,0) -> 0 | BD68: =VLOOKUP(BA68,'DATABASE F&B'!$C$3:$F$216,4,0) -> 0 | BE68: =BC68*BD68 -> 0 | BG68: =VLOOKUP(BF68,'DATABASE F&B'!$C$3:$F$216,2,0) -> 0 | BI68: =VLOOKUP(BF68,'DATABASE F&B'!$C$3:$F$216,4,0) -> 0 | BJ68: =BH68*BI68 -> 0 | BL68: =VLOOKUP(BK68,'DATABASE F&B'!$C$3:$F$210,2,0) -> 0 | BN68: =VLOOKUP(BK68,'DATABASE F&B'!$C$3:$F$210,4,0) -> 0 | BO68: =BM68*BN68 -> 0 | BQ68: =VLOOKUP(BP68,'DATABASE F&B'!$C$3:$F$210,2,0) -> 0 | BS68: =VLOOKUP(BP68,'DATABASE F&B'!$C$3:$F$210,4,0) -> 0 | BT68: =BR68*BS68 -> 0 | BV68: =VLOOKUP(BU68,'DATABASE F&B'!$C$3:$F$210,2,0) -> 0 | BX68: =VLOOKUP(BU68,'DATABASE F&B'!$C$3:$F$210,4,0) -> 0 | BY68: =BW68*BX68 -> 0 | CA68: =VLOOKUP(BZ68,'DATABASE F&B'!$C$3:$F$210,2,0) -> 0 | CC68: =VLOOKUP(BZ68,'DATABASE F&B'!$C$3:$F$210,4,0) -> 0 | CD68: =CB68*CC68 -> 0
A69: =CONCATENATE(F69,"-",E69,"-20",G69) -> 05-'12-2026 | B69: =B68+1 -> 65 | C69: =C68+1 -> 65 | D69: 46154 | E69: '12 | F69: 05 | G69: 26 | H69: =CONCATENATE("RJ","-",E69,F69,G69,"-",B69) -> RJ-'120526-65 | I69: =CONCATENATE(E69,"-",F69,"-20",G69) -> '12-05-2026 | J69: =VLOOKUP(D69,Laporan!$C$4:$D$34,2,0) -> Selasa | L69: Bar | M69: =SUMIF('DATABASE Room'!$B$3:$B$7,L69,'DATABASE Room'!$D$3:$D$7) -> 0 | N69: 1 | O69: =N69*M69 -> 0 | Q69: =P69*M69 -> 0 | R69: =O69+Q69 -> 0 | S69: =SUMIF($W$4:$CD$4,$S$4,W69:CD69) -> 5 | T69: =SUMIF($W$4:$CD$4,$T$4,W69:CD69) -> 110000 | U69: =R69+T69 -> 110000 | W69: 89 | X69: =VLOOKUP(W69,'DATABASE F&B'!$C$3:$F$216,2,0) -> ANGGUR MERAH GOLD | Y69: 1 | Z69: =VLOOKUP(W69,'DATABASE F&B'!$C$3:$F$216,4,0) -> 110000 | AA69: =Y69*Z69 -> 110000 | AC69: =VLOOKUP(AB69,'DATABASE F&B'!$C$3:$F$216,2,0) -> 0 | AD69: 1 | AE69: =VLOOKUP(AB69,'DATABASE F&B'!$C$3:$F$216,4,0) -> 0 | AF69: =AD69*AE69 -> 0 | AH69: =VLOOKUP(AG69,'DATABASE F&B'!$C$3:$F$216,2,0) -> 0 | AI69: 1 | AJ69: =VLOOKUP(AG69,'DATABASE F&B'!$C$3:$F$216,4,0) -> 0 | AK69: =AI69*AJ69 -> 0 | AM69: =VLOOKUP(AL69,'DATABASE F&B'!$C$3:$F$216,2,0) -> 0 | AN69: 1 | AO69: =VLOOKUP(AL69,'DATABASE F&B'!$C$3:$F$216,4,0) -> 0 | AP69: =AN69*AO69 -> 0 | AR69: =VLOOKUP(AQ69,'DATABASE F&B'!$C$3:$F$216,2,0) -> 0 | AS69: 1 | AT69: =VLOOKUP(AQ69,'DATABASE F&B'!$C$3:$F$216,4,0) -> 0 | AU69: =AS69*AT69 -> 0 | AW69: =VLOOKUP(AV69,'DATABASE F&B'!$C$3:$F$216,2,0) -> 0 | AY69: =VLOOKUP(AV69,'DATABASE F&B'!$C$3:$F$216,4,0) -> 0 | AZ69: =AX69*AY69 -> 0 | BB69: =VLOOKUP(BA69,'DATABASE F&B'!$C$3:$F$216,2,0) -> 0 | BD69: =VLOOKUP(BA69,'DATABASE F&B'!$C$3:$F$216,4,0) -> 0 | BE69: =BC69*BD69 -> 0 | BG69: =VLOOKUP(BF69,'DATABASE F&B'!$C$3:$F$216,2,0) -> 0 | BI69: =VLOOKUP(BF69,'DATABASE F&B'!$C$3:$F$216,4,0) -> 0 | BJ69: =BH69*BI69 -> 0 | BL69: =VLOOKUP(BK69,'DATABASE F&B'!$C$3:$F$210,2,0) -> 0 | BN69: =VLOOKUP(BK69,'DATABASE F&B'!$C$3:$F$210,4,0) -> 0 | BO69: =BM69*BN69 -> 0 | BQ69: =VLOOKUP(BP69,'DATABASE F&B'!$C$3:$F$210,2,0) -> 0 | BS69: =VLOOKUP(BP69,'DATABASE F&B'!$C$3:$F$210,4,0) -> 0 | BT69: =BR69*BS69 -> 0 | BV69: =VLOOKUP(BU69,'DATABASE F&B'!$C$3:$F$210,2,0) -> 0 | BX69: =VLOOKUP(BU69,'DATABASE F&B'!$C$3:$F$210,4,0) -> 0 | BY69: =BW69*BX69 -> 0 | CA69: =VLOOKUP(BZ69,'DATABASE F&B'!$C$3:$F$210,2,0) -> 0 | CC69: =VLOOKUP(BZ69,'DATABASE F&B'!$C$3:$F$210,4,0) -> 0 | CD69: =CB69*CC69 -> 0
A70: =CONCATENATE(F70,"-",E70,"-20",G70) -> 05-'12-2026 | B70: =B69+1 -> 66 | C70: =C69+1 -> 66 | D70: 46154 | E70: '12 | F70: 05 | G70: 26 | H70: =CONCATENATE("RJ","-",E70,F70,G70,"-",B70) -> RJ-'120526-66 | I70: =CONCATENATE(E70,"-",F70,"-20",G70) -> '12-05-2026 | J70: =VLOOKUP(D70,Laporan!$C$4:$D$34,2,0) -> Selasa | L70: Bar | M70: =SUMIF('DATABASE Room'!$B$3:$B$7,L70,'DATABASE Room'!$D$3:$D$7) -> 0 | N70: 1 | O70: =N70*M70 -> 0 | Q70: =P70*M70 -> 0 | R70: =O70+Q70 -> 0 | S70: =SUMIF($W$4:$CD$4,$S$4,W70:CD70) -> 5 | T70: =SUMIF($W$4:$CD$4,$T$4,W70:CD70) -> 125000 | U70: =R70+T70 -> 125000 | W70: 90 | X70: =VLOOKUP(W70,'DATABASE F&B'!$C$3:$F$216,2,0) -> ATLAS ANGGUR LYCHEE | Y70: 1 | Z70: =VLOOKUP(W70,'DATABASE F&B'!$C$3:$F$216,4,0) -> 125000 | AA70: =Y70*Z70 -> 125000 | AC70: =VLOOKUP(AB70,'DATABASE F&B'!$C$3:$F$216,2,0) -> 0 | AD70: 1 | AE70: =VLOOKUP(AB70,'DATABASE F&B'!$C$3:$F$216,4,0) -> 0 | AF70: =AD70*AE70 -> 0 | AH70: =VLOOKUP(AG70,'DATABASE F&B'!$C$3:$F$216,2,0) -> 0 | AI70: 1 | AJ70: =VLOOKUP(AG70,'DATABASE F&B'!$C$3:$F$216,4,0) -> 0 | AK70: =AI70*AJ70 -> 0 | AM70: =VLOOKUP(AL70,'DATABASE F&B'!$C$3:$F$216,2,0) -> 0 | AN70: 1 | AO70: =VLOOKUP(AL70,'DATABASE F&B'!$C$3:$F$216,4,0) -> 0 | AP70: =AN70*AO70 -> 0 | AR70: =VLOOKUP(AQ70,'DATABASE F&B'!$C$3:$F$216,2,0) -> 0 | AS70: 1 | AT70: =VLOOKUP(AQ70,'DATABASE F&B'!$C$3:$F$216,4,0) -> 0 | AU70: =AS70*AT70 -> 0 | AW70: =VLOOKUP(AV70,'DATABASE F&B'!$C$3:$F$216,2,0) -> 0 | AY70: =VLOOKUP(AV70,'DATABASE F&B'!$C$3:$F$216,4,0) -> 0 | AZ70: =AX70*AY70 -> 0 | BB70: =VLOOKUP(BA70,'DATABASE F&B'!$C$3:$F$216,2,0) -> 0 | BD70: =VLOOKUP(BA70,'DATABASE F&B'!$C$3:$F$216,4,0) -> 0 | BE70: =BC70*BD70 -> 0 | BG70: =VLOOKUP(BF70,'DATABASE F&B'!$C$3:$F$216,2,0) -> 0 | BI70: =VLOOKUP(BF70,'DATABASE F&B'!$C$3:$F$216,4,0) -> 0 | BJ70: =BH70*BI70 -> 0 | BL70: =VLOOKUP(BK70,'DATABASE F&B'!$C$3:$F$210,2,0) -> 0 | BN70: =VLOOKUP(BK70,'DATABASE F&B'!$C$3:$F$210,4,0) -> 0 | BO70: =BM70*BN70 -> 0 | BQ70: =VLOOKUP(BP70,'DATABASE F&B'!$C$3:$F$210,2,0) -> 0 | BS70: =VLOOKUP(BP70,'DATABASE F&B'!$C$3:$F$210,4,0) -> 0 | BT70: =BR70*BS70 -> 0 | BV70: =VLOOKUP(BU70,'DATABASE F&B'!$C$3:$F$210,2,0) -> 0 | BX70: =VLOOKUP(BU70,'DATABASE F&B'!$C$3:$F$210,4,0) -> 0 | BY70: =BW70*BX70 -> 0 | CA70: =VLOOKUP(BZ70,'DATABASE F&B'!$C$3:$F$210,2,0) -> 0 | CC70: =VLOOKUP(BZ70,'DATABASE F&B'!$C$3:$F$210,4,0) -> 0 | CD70: =CB70*CC70 -> 0
A71: =CONCATENATE(F71,"-",E71,"-20",G71) -> 05-'12-2026 | B71: =B70+1 -> 67 | C71: =C70+1 -> 67 | D71: 46154 | E71: '12 | F71: 05 | G71: 26 | H71: =CONCATENATE("RJ","-",E71,F71,G71,"-",B71) -> RJ-'120526-67 | I71: =CONCATENATE(E71,"-",F71,"-20",G71) -> '12-05-2026 | J71: =VLOOKUP(D71,Laporan!$C$4:$D$34,2,0) -> Selasa | L71: Bar | M71: =SUMIF('DATABASE Room'!$B$3:$B$7,L71,'DATABASE Room'!$D$3:$D$7) -> 0 | N71: 1 | O71: =N71*M71 -> 0 | Q71: =P71*M71 -> 0 | R71: =O71+Q71 -> 0 | S71: =SUMIF($W$4:$CD$4,$S$4,W71:CD71) -> 5 | T71: =SUMIF($W$4:$CD$4,$T$4,W71:CD71) -> 240000 | U71: =R71+T71 -> 240000 | W71: 91 | X71: =VLOOKUP(W71,'DATABASE F&B'!$C$3:$F$216,2,0) -> ATLAS ANGGUR PEACH | Y71: 1 | Z71: =VLOOKUP(W71,'DATABASE F&B'!$C$3:$F$216,4,0) -> 160000 | AA71: =Y71*Z71 -> 160000 | AB71: 80 | AC71: =VLOOKUP(AB71,'DATABASE F&B'!$C$3:$F$216,2,0) -> CORONA 330ML | AD71: 1 | AE71: =VLOOKUP(AB71,'DATABASE F&B'!$C$3:$F$216,4,0) -> 80000 | AF71: =AD71*AE71 -> 80000 | AH71: =VLOOKUP(AG71,'DATABASE F&B'!$C$3:$F$216,2,0) -> 0 | AI71: 1 | AJ71: =VLOOKUP(AG71,'DATABASE F&B'!$C$3:$F$216,4,0) -> 0 | AK71: =AI71*AJ71 -> 0 | AM71: =VLOOKUP(AL71,'DATABASE F&B'!$C$3:$F$216,2,0) -> 0 | AN71: 1 | AO71: =VLOOKUP(AL71,'DATABASE F&B'!$C$3:$F$216,4,0) -> 0 | AP71: =AN71*AO71 -> 0 | AR71: =VLOOKUP(AQ71,'DATABASE F&B'!$C$3:$F$216,2,0) -> 0 | AS71: 1 | AT71: =VLOOKUP(AQ71,'DATABASE F&B'!$C$3:$F$216,4,0) -> 0 | AU71: =AS71*AT71 -> 0 | AW71: =VLOOKUP(AV71,'DATABASE F&B'!$C$3:$F$216,2,0) -> 0 | AY71: =VLOOKUP(AV71,'DATABASE F&B'!$C$3:$F$216,4,0) -> 0 | AZ71: =AX71*AY71 -> 0 | BB71: =VLOOKUP(BA71,'DATABASE F&B'!$C$3:$F$216,2,0) -> 0 | BD71: =VLOOKUP(BA71,'DATABASE F&B'!$C$3:$F$216,4,0) -> 0 | BE71: =BC71*BD71 -> 0 | BG71: =VLOOKUP(BF71,'DATABASE F&B'!$C$3:$F$216,2,0) -> 0 | BI71: =VLOOKUP(BF71,'DATABASE F&B'!$C$3:$F$216,4,0) -> 0 | BJ71: =BH71*BI71 -> 0 | BL71: =VLOOKUP(BK71,'DATABASE F&B'!$C$3:$F$210,2,0) -> 0 | BN71: =VLOOKUP(BK71,'DATABASE F&B'!$C$3:$F$210,4,0) -> 0 | BO71: =BM71*BN71 -> 0 | BQ71: =VLOOKUP(BP71,'DATABASE F&B'!$C$3:$F$210,2,0) -> 0 | BS71: =VLOOKUP(BP71,'DATABASE F&B'!$C$3:$F$210,4,0) -> 0 | BT71: =BR71*BS71 -> 0 | BV71: =VLOOKUP(BU71,'DATABASE F&B'!$C$3:$F$210,2,0) -> 0 | BX71: =VLOOKUP(BU71,'DATABASE F&B'!$C$3:$F$210,4,0) -> 0 | BY71: =BW71*BX71 -> 0 | CA71: =VLOOKUP(BZ71,'DATABASE F&B'!$C$3:$F$210,2,0) -> 0 | CC71: =VLOOKUP(BZ71,'DATABASE F&B'!$C$3:$F$210,4,0) -> 0 | CD71: =CB71*CC71 -> 0
A72: =CONCATENATE(F72,"-",E72,"-20",G72) -> 05-'12-2026 | B72: =B71+1 -> 68 | C72: =C71+1 -> 68 | D72: 46154 | E72: '12 | F72: 05 | G72: 26 | H72: =CONCATENATE("RJ","-",E72,F72,G72,"-",B72) -> RJ-'120526-68 | I72: =CONCATENATE(E72,"-",F72,"-20",G72) -> '12-05-2026 | J72: =VLOOKUP(D72,Laporan!$C$4:$D$34,2,0) -> Selasa | L72: Bar | M72: =SUMIF('DATABASE Room'!$B$3:$B$7,L72,'DATABASE Room'!$D$3:$D$7) -> 0 | N72: 1 | O72: =N72*M72 -> 0 | Q72: =P72*M72 -> 0 | R72: =O72+Q72 -> 0 | S72: =SUMIF($W$4:$CD$4,$S$4,W72:CD72) -> 5 | T72: =SUMIF($W$4:$CD$4,$T$4,W72:CD72) -> 175000 | U72: =R72+T72 -> 175000 | W72: 92 | X72: =VLOOKUP(W72,'DATABASE F&B'!$C$3:$F$216,2,0) -> AP ANGGUR HIJAU | Y72: 1 | Z72: =VLOOKUP(W72,'DATABASE F&B'!$C$3:$F$216,4,0) -> 175000 | AA72: =Y72*Z72 -> 175000 | AC72: =VLOOKUP(AB72,'DATABASE F&B'!$C$3:$F$216,2,0) -> 0 | AD72: 1 | AE72: =VLOOKUP(AB72,'DATABASE F&B'!$C$3:$F$216,4,0) -> 0 | AF72: =AD72*AE72 -> 0 | AH72: =VLOOKUP(AG72,'DATABASE F&B'!$C$3:$F$216,2,0) -> 0 | AI72: 1 | AJ72: =VLOOKUP(AG72,'DATABASE F&B'!$C$3:$F$216,4,0) -> 0 | AK72: =AI72*AJ72 -> 0 | AM72: =VLOOKUP(AL72,'DATABASE F&B'!$C$3:$F$216,2,0) -> 0 | AN72: 1 | AO72: =VLOOKUP(AL72,'DATABASE F&B'!$C$3:$F$216,4,0) -> 0 | AP72: =AN72*AO72 -> 0 | AR72: =VLOOKUP(AQ72,'DATABASE F&B'!$C$3:$F$216,2,0) -> 0 | AS72: 1 | AT72: =VLOOKUP(AQ72,'DATABASE F&B'!$C$3:$F$216,4,0) -> 0 | AU72: =AS72*AT72 -> 0 | AW72: =VLOOKUP(AV72,'DATABASE F&B'!$C$3:$F$216,2,0) -> 0 | AY72: =VLOOKUP(AV72,'DATABASE F&B'!$C$3:$F$216,4,0) -> 0 | AZ72: =AX72*AY72 -> 0 | BB72: =VLOOKUP(BA72,'DATABASE F&B'!$C$3:$F$216,2,0) -> 0 | BD72: =VLOOKUP(BA72,'DATABASE F&B'!$C$3:$F$216,4,0) -> 0 | BE72: =BC72*BD72 -> 0 | BG72: =VLOOKUP(BF72,'DATABASE F&B'!$C$3:$F$216,2,0) -> 0 | BI72: =VLOOKUP(BF72,'DATABASE F&B'!$C$3:$F$216,4,0) -> 0 | BJ72: =BH72*BI72 -> 0 | BL72: =VLOOKUP(BK72,'DATABASE F&B'!$C$3:$F$210,2,0) -> 0 | BN72: =VLOOKUP(BK72,'DATABASE F&B'!$C$3:$F$210,4,0) -> 0 | BO72: =BM72*BN72 -> 0 | BQ72: =VLOOKUP(BP72,'DATABASE F&B'!$C$3:$F$210,2,0) -> 0 | BS72: =VLOOKUP(BP72,'DATABASE F&B'!$C$3:$F$210,4,0) -> 0 | BT72: =BR72*BS72 -> 0 | BV72: =VLOOKUP(BU72,'DATABASE F&B'!$C$3:$F$210,2,0) -> 0 | BX72: =VLOOKUP(BU72,'DATABASE F&B'!$C$3:$F$210,4,0) -> 0 | BY72: =BW72*BX72 -> 0 | CA72: =VLOOKUP(BZ72,'DATABASE F&B'!$C$3:$F$210,2,0) -> 0 | CC72: =VLOOKUP(BZ72,'DATABASE F&B'!$C$3:$F$210,4,0) -> 0 | CD72: =CB72*CC72 -> 0
A73: =CONCATENATE(F73,"-",E73,"-20",G73) -> 05-'12-2026 | B73: =B72+1 -> 69 | C73: =C72+1 -> 69 | D73: 46154 | E73: '12 | F73: 05 | G73: 26 | H73: =CONCATENATE("RJ","-",E73,F73,G73,"-",B73) -> RJ-'120526-69 | I73: =CONCATENATE(E73,"-",F73,"-20",G73) -> '12-05-2026 | J73: =VLOOKUP(D73,Laporan!$C$4:$D$34,2,0) -> Selasa | L73: Bar | M73: =SUMIF('DATABASE Room'!$B$3:$B$7,L73,'DATABASE Room'!$D$3:$D$7) -> 0 | N73: 1 | O73: =N73*M73 -> 0 | Q73: =P73*M73 -> 0 | R73: =O73+Q73 -> 0 | S73: =SUMIF($W$4:$CD$4,$S$4,W73:CD73) -> 5 | T73: =SUMIF($W$4:$CD$4,$T$4,W73:CD73) -> 75000 | U73: =R73+T73 -> 75000 | W73: 95 | X73: =VLOOKUP(W73,'DATABASE F&B'!$C$3:$F$216,2,0) -> MARLBORO RED | Y73: 1 | Z73: =VLOOKUP(W73,'DATABASE F&B'!$C$3:$F$216,4,0) -> 75000 | AA73: =Y73*Z73 -> 75000 | AC73: =VLOOKUP(AB73,'DATABASE F&B'!$C$3:$F$216,2,0) -> 0 | AD73: 1 | AE73: =VLOOKUP(AB73,'DATABASE F&B'!$C$3:$F$216,4,0) -> 0 | AF73: =AD73*AE73 -> 0 | AH73: =VLOOKUP(AG73,'DATABASE F&B'!$C$3:$F$216,2,0) -> 0 | AI73: 1 | AJ73: =VLOOKUP(AG73,'DATABASE F&B'!$C$3:$F$216,4,0) -> 0 | AK73: =AI73*AJ73 -> 0 | AM73: =VLOOKUP(AL73,'DATABASE F&B'!$C$3:$F$216,2,0) -> 0 | AN73: 1 | AO73: =VLOOKUP(AL73,'DATABASE F&B'!$C$3:$F$216,4,0) -> 0 | AP73: =AN73*AO73 -> 0 | AR73: =VLOOKUP(AQ73,'DATABASE F&B'!$C$3:$F$216,2,0) -> 0 | AS73: 1 | AT73: =VLOOKUP(AQ73,'DATABASE F&B'!$C$3:$F$216,4,0) -> 0 | AU73: =AS73*AT73 -> 0 | AW73: =VLOOKUP(AV73,'DATABASE F&B'!$C$3:$F$216,2,0) -> 0 | AY73: =VLOOKUP(AV73,'DATABASE F&B'!$C$3:$F$216,4,0) -> 0 | AZ73: =AX73*AY73 -> 0 | BB73: =VLOOKUP(BA73,'DATABASE F&B'!$C$3:$F$216,2,0) -> 0 | BD73: =VLOOKUP(BA73,'DATABASE F&B'!$C$3:$F$216,4,0) -> 0 | BE73: =BC73*BD73 -> 0 | BG73: =VLOOKUP(BF73,'DATABASE F&B'!$C$3:$F$216,2,0) -> 0 | BI73: =VLOOKUP(BF73,'DATABASE F&B'!$C$3:$F$216,4,0) -> 0 | BJ73: =BH73*BI73 -> 0 | BL73: =VLOOKUP(BK73,'DATABASE F&B'!$C$3:$F$210,2,0) -> 0 | BN73: =VLOOKUP(BK73,'DATABASE F&B'!$C$3:$F$210,4,0) -> 0 | BO73: =BM73*BN73 -> 0 | BQ73: =VLOOKUP(BP73,'DATABASE F&B'!$C$3:$F$210,2,0) -> 0 | BS73: =VLOOKUP(BP73,'DATABASE F&B'!$C$3:$F$210,4,0) -> 0 | BT73: =BR73*BS73 -> 0 | BV73: =VLOOKUP(BU73,'DATABASE F&B'!$C$3:$F$210,2,0) -> 0 | BX73: =VLOOKUP(BU73,'DATABASE F&B'!$C$3:$F$210,4,0) -> 0 | BY73: =BW73*BX73 -> 0 | CA73: =VLOOKUP(BZ73,'DATABASE F&B'!$C$3:$F$210,2,0) -> 0 | CC73: =VLOOKUP(BZ73,'DATABASE F&B'!$C$3:$F$210,4,0) -> 0 | CD73: =CB73*CC73 -> 0
A74: =CONCATENATE(F74,"-",E74,"-20",G74) -> 05-'13-2026 | B74: =B73+1 -> 70 | C74: =C73+1 -> 70 | D74: 46155 | E74: '13 | F74: 05 | G74: 26 | H74: =CONCATENATE("RJ","-",E74,F74,G74,"-",B74) -> RJ-'130526-70 | I74: =CONCATENATE(E74,"-",F74,"-20",G74) -> '13-05-2026 | J74: =VLOOKUP(D74,Laporan!$C$4:$D$34,2,0) -> Rabu | L74: Bar | M74: =SUMIF('DATABASE Room'!$B$3:$B$7,L74,'DATABASE Room'!$D$3:$D$7) -> 0 | N74: 1 | O74: =N74*M74 -> 0 | Q74: =P74*M74 -> 0 | R74: =O74+Q74 -> 0 | S74: =SUMIF($W$4:$CD$4,$S$4,W74:CD74) -> 5 | T74: =SUMIF($W$4:$CD$4,$T$4,W74:CD74) -> 75000 | U74: =R74+T74 -> 75000 | W74: 96 | X74: =VLOOKUP(W74,'DATABASE F&B'!$C$3:$F$216,2,0) -> MARLBORO LIGHT | Y74: 1 | Z74: =VLOOKUP(W74,'DATABASE F&B'!$C$3:$F$216,4,0) -> 75000 | AA74: =Y74*Z74 -> 75000 | AC74: =VLOOKUP(AB74,'DATABASE F&B'!$C$3:$F$216,2,0) -> 0 | AD74: 1 | AE74: =VLOOKUP(AB74,'DATABASE F&B'!$C$3:$F$216,4,0) -> 0 | AF74: =AD74*AE74 -> 0 | AH74: =VLOOKUP(AG74,'DATABASE F&B'!$C$3:$F$216,2,0) -> 0 | AI74: 1 | AJ74: =VLOOKUP(AG74,'DATABASE F&B'!$C$3:$F$216,4,0) -> 0 | AK74: =AI74*AJ74 -> 0 | AM74: =VLOOKUP(AL74,'DATABASE F&B'!$C$3:$F$216,2,0) -> 0 | AN74: 1 | AO74: =VLOOKUP(AL74,'DATABASE F&B'!$C$3:$F$216,4,0) -> 0 | AP74: =AN74*AO74 -> 0 | AR74: =VLOOKUP(AQ74,'DATABASE F&B'!$C$3:$F$216,2,0) -> 0 | AS74: 1 | AT74: =VLOOKUP(AQ74,'DATABASE F&B'!$C$3:$F$216,4,0) -> 0 | AU74: =AS74*AT74 -> 0 | AW74: =VLOOKUP(AV74,'DATABASE F&B'!$C$3:$F$216,2,0) -> 0 | AY74: =VLOOKUP(AV74,'DATABASE F&B'!$C$3:$F$216,4,0) -> 0 | AZ74: =AX74*AY74 -> 0 | BB74: =VLOOKUP(BA74,'DATABASE F&B'!$C$3:$F$216,2,0) -> 0 | BD74: =VLOOKUP(BA74,'DATABASE F&B'!$C$3:$F$216,4,0) -> 0 | BE74: =BC74*BD74 -> 0 | BG74: =VLOOKUP(BF74,'DATABASE F&B'!$C$3:$F$216,2,0) -> 0 | BI74: =VLOOKUP(BF74,'DATABASE F&B'!$C$3:$F$216,4,0) -> 0 | BJ74: =BH74*BI74 -> 0 | BL74: =VLOOKUP(BK74,'DATABASE F&B'!$C$3:$F$210,2,0) -> 0 | BN74: =VLOOKUP(BK74,'DATABASE F&B'!$C$3:$F$210,4,0) -> 0 | BO74: =BM74*BN74 -> 0 | BQ74: =VLOOKUP(BP74,'DATABASE F&B'!$C$3:$F$210,2,0) -> 0 | BS74: =VLOOKUP(BP74,'DATABASE F&B'!$C$3:$F$210,4,0) -> 0 | BT74: =BR74*BS74 -> 0 | BV74: =VLOOKUP(BU74,'DATABASE F&B'!$C$3:$F$210,2,0) -> 0 | BX74: =VLOOKUP(BU74,'DATABASE F&B'!$C$3:$F$210,4,0) -> 0 | BY74: =BW74*BX74 -> 0 | CA74: =VLOOKUP(BZ74,'DATABASE F&B'!$C$3:$F$210,2,0) -> 0 | CC74: =VLOOKUP(BZ74,'DATABASE F&B'!$C$3:$F$210,4,0) -> 0 | CD74: =CB74*CC74 -> 0
A75: =CONCATENATE(F75,"-",E75,"-20",G75) -> 05-'13-2026 | B75: =B74+1 -> 71 | C75: =C74+1 -> 71 | D75: 46155 | E75: '13 | F75: 05 | G75: 26 | H75: =CONCATENATE("RJ","-",E75,F75,G75,"-",B75) -> RJ-'130526-71 | I75: =CONCATENATE(E75,"-",F75,"-20",G75) -> '13-05-2026 | J75: =VLOOKUP(D75,Laporan!$C$4:$D$34,2,0) -> Rabu | L75: Bar | M75: =SUMIF('DATABASE Room'!$B$3:$B$7,L75,'DATABASE Room'!$D$3:$D$7) -> 0 | N75: 1 | O75: =N75*M75 -> 0 | Q75: =P75*M75 -> 0 | R75: =O75+Q75 -> 0 | S75: =SUMIF($W$4:$CD$4,$S$4,W75:CD75) -> 5 | T75: =SUMIF($W$4:$CD$4,$T$4,W75:CD75) -> 75000 | U75: =R75+T75 -> 75000 | W75: 97 | X75: =VLOOKUP(W75,'DATABASE F&B'!$C$3:$F$216,2,0) -> MARLBORO ICE BURST | Y75: 1 | Z75: =VLOOKUP(W75,'DATABASE F&B'!$C$3:$F$216,4,0) -> 75000 | AA75: =Y75*Z75 -> 75000 | AC75: =VLOOKUP(AB75,'DATABASE F&B'!$C$3:$F$216,2,0) -> 0 | AD75: 1 | AE75: =VLOOKUP(AB75,'DATABASE F&B'!$C$3:$F$216,4,0) -> 0 | AF75: =AD75*AE75 -> 0 | AH75: =VLOOKUP(AG75,'DATABASE F&B'!$C$3:$F$216,2,0) -> 0 | AI75: 1 | AJ75: =VLOOKUP(AG75,'DATABASE F&B'!$C$3:$F$216,4,0) -> 0 | AK75: =AI75*AJ75 -> 0 | AM75: =VLOOKUP(AL75,'DATABASE F&B'!$C$3:$F$216,2,0) -> 0 | AN75: 1 | AO75: =VLOOKUP(AL75,'DATABASE F&B'!$C$3:$F$216,4,0) -> 0 | AP75: =AN75*AO75 -> 0 | AR75: =VLOOKUP(AQ75,'DATABASE F&B'!$C$3:$F$216,2,0) -> 0 | AS75: 1 | AT75: =VLOOKUP(AQ75,'DATABASE F&B'!$C$3:$F$216,4,0) -> 0 | AU75: =AS75*AT75 -> 0 | AW75: =VLOOKUP(AV75,'DATABASE F&B'!$C$3:$F$216,2,0) -> 0 | AY75: =VLOOKUP(AV75,'DATABASE F&B'!$C$3:$F$216,4,0) -> 0 | AZ75: =AX75*AY75 -> 0 | BB75: =VLOOKUP(BA75,'DATABASE F&B'!$C$3:$F$216,2,0) -> 0 | BD75: =VLOOKUP(BA75,'DATABASE F&B'!$C$3:$F$216,4,0) -> 0 | BE75: =BC75*BD75 -> 0 | BG75: =VLOOKUP(BF75,'DATABASE F&B'!$C$3:$F$216,2,0) -> 0 | BI75: =VLOOKUP(BF75,'DATABASE F&B'!$C$3:$F$216,4,0) -> 0 | BJ75: =BH75*BI75 -> 0 | BL75: =VLOOKUP(BK75,'DATABASE F&B'!$C$3:$F$210,2,0) -> 0 | BN75: =VLOOKUP(BK75,'DATABASE F&B'!$C$3:$F$210,4,0) -> 0 | BO75: =BM75*BN75 -> 0 | BQ75: =VLOOKUP(BP75,'DATABASE F&B'!$C$3:$F$210,2,0) -> 0 | BS75: =VLOOKUP(BP75,'DATABASE F&B'!$C$3:$F$210,4,0) -> 0 | BT75: =BR75*BS75 -> 0 | BV75: =VLOOKUP(BU75,'DATABASE F&B'!$C$3:$F$210,2,0) -> 0 | BX75: =VLOOKUP(BU75,'DATABASE F&B'!$C$3:$F$210,4,0) -> 0 | BY75: =BW75*BX75 -> 0 | CA75: =VLOOKUP(BZ75,'DATABASE F&B'!$C$3:$F$210,2,0) -> 0 | CC75: =VLOOKUP(BZ75,'DATABASE F&B'!$C$3:$F$210,4,0) -> 0 | CD75: =CB75*CC75 -> 0
A76: =CONCATENATE(F76,"-",E76,"-20",G76) -> 05-'13-2026 | B76: =B75+1 -> 72 | C76: =C75+1 -> 72 | D76: 46155 | E76: '13 | F76: 05 | G76: 26 | H76: =CONCATENATE("RJ","-",E76,F76,G76,"-",B76) -> RJ-'130526-72 | I76: =CONCATENATE(E76,"-",F76,"-20",G76) -> '13-05-2026 | J76: =VLOOKUP(D76,Laporan!$C$4:$D$34,2,0) -> Rabu | L76: Bar | M76: =SUMIF('DATABASE Room'!$B$3:$B$7,L76,'DATABASE Room'!$D$3:$D$7) -> 0 | N76: 1 | O76: =N76*M76 -> 0 | Q76: =P76*M76 -> 0 | R76: =O76+Q76 -> 0 | S76: =SUMIF($W$4:$CD$4,$S$4,W76:CD76) -> 5 | T76: =SUMIF($W$4:$CD$4,$T$4,W76:CD76) -> 55000 | U76: =R76+T76 -> 55000 | W76: 98 | X76: =VLOOKUP(W76,'DATABASE F&B'!$C$3:$F$216,2,0) -> SAMPOERNA RED | Y76: 1 | Z76: =VLOOKUP(W76,'DATABASE F&B'!$C$3:$F$216,4,0) -> 55000 | AA76: =Y76*Z76 -> 55000 | AC76: =VLOOKUP(AB76,'DATABASE F&B'!$C$3:$F$216,2,0) -> 0 | AD76: 1 | AE76: =VLOOKUP(AB76,'DATABASE F&B'!$C$3:$F$216,4,0) -> 0 | AF76: =AD76*AE76 -> 0 | AH76: =VLOOKUP(AG76,'DATABASE F&B'!$C$3:$F$216,2,0) -> 0 | AI76: 1 | AJ76: =VLOOKUP(AG76,'DATABASE F&B'!$C$3:$F$216,4,0) -> 0 | AK76: =AI76*AJ76 -> 0 | AM76: =VLOOKUP(AL76,'DATABASE F&B'!$C$3:$F$216,2,0) -> 0 | AN76: 1 | AO76: =VLOOKUP(AL76,'DATABASE F&B'!$C$3:$F$216,4,0) -> 0 | AP76: =AN76*AO76 -> 0 | AR76: =VLOOKUP(AQ76,'DATABASE F&B'!$C$3:$F$216,2,0) -> 0 | AS76: 1 | AT76: =VLOOKUP(AQ76,'DATABASE F&B'!$C$3:$F$216,4,0) -> 0 | AU76: =AS76*AT76 -> 0 | AW76: =VLOOKUP(AV76,'DATABASE F&B'!$C$3:$F$216,2,0) -> 0 | AY76: =VLOOKUP(AV76,'DATABASE F&B'!$C$3:$F$216,4,0) -> 0 | AZ76: =AX76*AY76 -> 0 | BB76: =VLOOKUP(BA76,'DATABASE F&B'!$C$3:$F$216,2,0) -> 0 | BD76: =VLOOKUP(BA76,'DATABASE F&B'!$C$3:$F$216,4,0) -> 0 | BE76: =BC76*BD76 -> 0 | BG76: =VLOOKUP(BF76,'DATABASE F&B'!$C$3:$F$216,2,0) -> 0 | BI76: =VLOOKUP(BF76,'DATABASE F&B'!$C$3:$F$216,4,0) -> 0 | BJ76: =BH76*BI76 -> 0 | BL76: =VLOOKUP(BK76,'DATABASE F&B'!$C$3:$F$210,2,0) -> 0 | BN76: =VLOOKUP(BK76,'DATABASE F&B'!$C$3:$F$210,4,0) -> 0 | BO76: =BM76*BN76 -> 0 | BQ76: =VLOOKUP(BP76,'DATABASE F&B'!$C$3:$F$210,2,0) -> 0 | BS76: =VLOOKUP(BP76,'DATABASE F&B'!$C$3:$F$210,4,0) -> 0 | BT76: =BR76*BS76 -> 0 | BV76: =VLOOKUP(BU76,'DATABASE F&B'!$C$3:$F$210,2,0) -> 0 | BX76: =VLOOKUP(BU76,'DATABASE F&B'!$C$3:$F$210,4,0) -> 0 | BY76: =BW76*BX76 -> 0 | CA76: =VLOOKUP(BZ76,'DATABASE F&B'!$C$3:$F$210,2,0) -> 0 | CC76: =VLOOKUP(BZ76,'DATABASE F&B'!$C$3:$F$210,4,0) -> 0 | CD76: =CB76*CC76 -> 0
A77: =CONCATENATE(F77,"-",E77,"-20",G77) -> 05-'13-2026 | B77: =B76+1 -> 73 | C77: =C76+1 -> 73 | D77: 46155 | E77: '13 | F77: 05 | G77: 26 | H77: =CONCATENATE("RJ","-",E77,F77,G77,"-",B77) -> RJ-'130526-73 | I77: =CONCATENATE(E77,"-",F77,"-20",G77) -> '13-05-2026 | J77: =VLOOKUP(D77,Laporan!$C$4:$D$34,2,0) -> Rabu | L77: Bar | M77: =SUMIF('DATABASE Room'!$B$3:$B$7,L77,'DATABASE Room'!$D$3:$D$7) -> 0 | N77: 1 | O77: =N77*M77 -> 0 | Q77: =P77*M77 -> 0 | R77: =O77+Q77 -> 0 | S77: =SUMIF($W$4:$CD$4,$S$4,W77:CD77) -> 5 | T77: =SUMIF($W$4:$CD$4,$T$4,W77:CD77) -> 125000 | U77: =R77+T77 -> 125000 | W77: 99 | X77: =VLOOKUP(W77,'DATABASE F&B'!$C$3:$F$216,2,0) -> SAMPOERNA MENTOL | Y77: 1 | Z77: =VLOOKUP(W77,'DATABASE F&B'!$C$3:$F$216,4,0) -> 55000 | AA77: =Y77*Z77 -> 55000 | AB77: 77 | AC77: =VLOOKUP(AB77,'DATABASE F&B'!$C$3:$F$216,2,0) -> BEER KURA KURA SESSION HAZY | AD77: 1 | AE77: =VLOOKUP(AB77,'DATABASE F&B'!$C$3:$F$216,4,0) -> 70000 | AF77: =AD77*AE77 -> 70000 | AH77: =VLOOKUP(AG77,'DATABASE F&B'!$C$3:$F$216,2,0) -> 0 | AI77: 1 | AJ77: =VLOOKUP(AG77,'DATABASE F&B'!$C$3:$F$216,4,0) -> 0 | AK77: =AI77*AJ77 -> 0 | AM77: =VLOOKUP(AL77,'DATABASE F&B'!$C$3:$F$216,2,0) -> 0 | AN77: 1 | AO77: =VLOOKUP(AL77,'DATABASE F&B'!$C$3:$F$216,4,0) -> 0 | AP77: =AN77*AO77 -> 0 | AR77: =VLOOKUP(AQ77,'DATABASE F&B'!$C$3:$F$216,2,0) -> 0 | AS77: 1 | AT77: =VLOOKUP(AQ77,'DATABASE F&B'!$C$3:$F$216,4,0) -> 0 | AU77: =AS77*AT77 -> 0 | AW77: =VLOOKUP(AV77,'DATABASE F&B'!$C$3:$F$216,2,0) -> 0 | AY77: =VLOOKUP(AV77,'DATABASE F&B'!$C$3:$F$216,4,0) -> 0 | AZ77: =AX77*AY77 -> 0 | BB77: =VLOOKUP(BA77,'DATABASE F&B'!$C$3:$F$216,2,0) -> 0 | BD77: =VLOOKUP(BA77,'DATABASE F&B'!$C$3:$F$216,4,0) -> 0 | BE77: =BC77*BD77 -> 0 | BG77: =VLOOKUP(BF77,'DATABASE F&B'!$C$3:$F$216,2,0) -> 0 | BI77: =VLOOKUP(BF77,'DATABASE F&B'!$C$3:$F$216,4,0) -> 0 | BJ77: =BH77*BI77 -> 0 | BL77: =VLOOKUP(BK77,'DATABASE F&B'!$C$3:$F$210,2,0) -> 0 | BN77: =VLOOKUP(BK77,'DATABASE F&B'!$C$3:$F$210,4,0) -> 0 | BO77: =BM77*BN77 -> 0 | BQ77: =VLOOKUP(BP77,'DATABASE F&B'!$C$3:$F$210,2,0) -> 0 | BS77: =VLOOKUP(BP77,'DATABASE F&B'!$C$3:$F$210,4,0) -> 0 | BT77: =BR77*BS77 -> 0 | BV77: =VLOOKUP(BU77,'DATABASE F&B'!$C$3:$F$210,2,0) -> 0 | BX77: =VLOOKUP(BU77,'DATABASE F&B'!$C$3:$F$210,4,0) -> 0 | BY77: =BW77*BX77 -> 0 | CA77: =VLOOKUP(BZ77,'DATABASE F&B'!$C$3:$F$210,2,0) -> 0 | CC77: =VLOOKUP(BZ77,'DATABASE F&B'!$C$3:$F$210,4,0) -> 0 | CD77: =CB77*CC77 -> 0
A78: =CONCATENATE(F78,"-",E78,"-20",G78) -> 05-'13-2026 | B78: =B77+1 -> 74 | C78: =C77+1 -> 74 | D78: 46155 | E78: '13 | F78: 05 | G78: 26 | H78: =CONCATENATE("RJ","-",E78,F78,G78,"-",B78) -> RJ-'130526-74 | I78: =CONCATENATE(E78,"-",F78,"-20",G78) -> '13-05-2026 | J78: =VLOOKUP(D78,Laporan!$C$4:$D$34,2,0) -> Rabu | L78: Bar | M78: =SUMIF('DATABASE Room'!$B$3:$B$7,L78,'DATABASE Room'!$D$3:$D$7) -> 0 | N78: 1 | O78: =N78*M78 -> 0 | Q78: =P78*M78 -> 0 | R78: =O78+Q78 -> 0 | S78: =SUMIF($W$4:$CD$4,$S$4,W78:CD78) -> 5 | T78: =SUMIF($W$4:$CD$4,$T$4,W78:CD78) -> 55000 | U78: =R78+T78 -> 55000 | W78: 100 | X78: =VLOOKUP(W78,'DATABASE F&B'!$C$3:$F$216,2,0) -> GG SURYA 16 | Y78: 1 | Z78: =VLOOKUP(W78,'DATABASE F&B'!$C$3:$F$216,4,0) -> 55000 | AA78: =Y78*Z78 -> 55000 | AC78: =VLOOKUP(AB78,'DATABASE F&B'!$C$3:$F$216,2,0) -> 0 | AD78: 1 | AE78: =VLOOKUP(AB78,'DATABASE F&B'!$C$3:$F$216,4,0) -> 0 | AF78: =AD78*AE78 -> 0 | AH78: =VLOOKUP(AG78,'DATABASE F&B'!$C$3:$F$216,2,0) -> 0 | AI78: 1 | AJ78: =VLOOKUP(AG78,'DATABASE F&B'!$C$3:$F$216,4,0) -> 0 | AK78: =AI78*AJ78 -> 0 | AM78: =VLOOKUP(AL78,'DATABASE F&B'!$C$3:$F$216,2,0) -> 0 | AN78: 1 | AO78: =VLOOKUP(AL78,'DATABASE F&B'!$C$3:$F$216,4,0) -> 0 | AP78: =AN78*AO78 -> 0 | AR78: =VLOOKUP(AQ78,'DATABASE F&B'!$C$3:$F$216,2,0) -> 0 | AS78: 1 | AT78: =VLOOKUP(AQ78,'DATABASE F&B'!$C$3:$F$216,4,0) -> 0 | AU78: =AS78*AT78 -> 0 | AW78: =VLOOKUP(AV78,'DATABASE F&B'!$C$3:$F$216,2,0) -> 0 | AY78: =VLOOKUP(AV78,'DATABASE F&B'!$C$3:$F$216,4,0) -> 0 | AZ78: =AX78*AY78 -> 0 | BB78: =VLOOKUP(BA78,'DATABASE F&B'!$C$3:$F$216,2,0) -> 0 | BD78: =VLOOKUP(BA78,'DATABASE F&B'!$C$3:$F$216,4,0) -> 0 | BE78: =BC78*BD78 -> 0 | BG78: =VLOOKUP(BF78,'DATABASE F&B'!$C$3:$F$216,2,0) -> 0 | BI78: =VLOOKUP(BF78,'DATABASE F&B'!$C$3:$F$216,4,0) -> 0 | BJ78: =BH78*BI78 -> 0 | BL78: =VLOOKUP(BK78,'DATABASE F&B'!$C$3:$F$210,2,0) -> 0 | BN78: =VLOOKUP(BK78,'DATABASE F&B'!$C$3:$F$210,4,0) -> 0 | BO78: =BM78*BN78 -> 0 | BQ78: =VLOOKUP(BP78,'DATABASE F&B'!$C$3:$F$210,2,0) -> 0 | BS78: =VLOOKUP(BP78,'DATABASE F&B'!$C$3:$F$210,4,0) -> 0 | BT78: =BR78*BS78 -> 0 | BV78: =VLOOKUP(BU78,'DATABASE F&B'!$C$3:$F$210,2,0) -> 0 | BX78: =VLOOKUP(BU78,'DATABASE F&B'!$C$3:$F$210,4,0) -> 0 | BY78: =BW78*BX78 -> 0 | CA78: =VLOOKUP(BZ78,'DATABASE F&B'!$C$3:$F$210,2,0) -> 0 | CC78: =VLOOKUP(BZ78,'DATABASE F&B'!$C$3:$F$210,4,0) -> 0 | CD78: =CB78*CC78 -> 0
A79: =CONCATENATE(F79,"-",E79,"-20",G79) -> 05-'14-2026 | B79: =B78+1 -> 75 | C79: =C78+1 -> 75 | D79: 46156 | E79: '14 | F79: 05 | G79: 26 | H79: =CONCATENATE("RJ","-",E79,F79,G79,"-",B79) -> RJ-'140526-75 | I79: =CONCATENATE(E79,"-",F79,"-20",G79) -> '14-05-2026 | J79: =VLOOKUP(D79,Laporan!$C$4:$D$34,2,0) -> Kamis | L79: Bar | M79: =SUMIF('DATABASE Room'!$B$3:$B$7,L79,'DATABASE Room'!$D$3:$D$7) -> 0 | N79: 1 | O79: =N79*M79 -> 0 | Q79: =P79*M79 -> 0 | R79: =O79+Q79 -> 0 | S79: =SUMIF($W$4:$CD$4,$S$4,W79:CD79) -> 5 | T79: =SUMIF($W$4:$CD$4,$T$4,W79:CD79) -> 55000 | U79: =R79+T79 -> 55000 | W79: 101 | X79: =VLOOKUP(W79,'DATABASE F&B'!$C$3:$F$216,2,0) -> LA ICE | Y79: 1 | Z79: =VLOOKUP(W79,'DATABASE F&B'!$C$3:$F$216,4,0) -> 55000 | AA79: =Y79*Z79 -> 55000 | AC79: =VLOOKUP(AB79,'DATABASE F&B'!$C$3:$F$216,2,0) -> 0 | AD79: 1 | AE79: =VLOOKUP(AB79,'DATABASE F&B'!$C$3:$F$216,4,0) -> 0 | AF79: =AD79*AE79 -> 0 | AH79: =VLOOKUP(AG79,'DATABASE F&B'!$C$3:$F$216,2,0) -> 0 | AI79: 1 | AJ79: =VLOOKUP(AG79,'DATABASE F&B'!$C$3:$F$216,4,0) -> 0 | AK79: =AI79*AJ79 -> 0 | AM79: =VLOOKUP(AL79,'DATABASE F&B'!$C$3:$F$216,2,0) -> 0 | AN79: 1 | AO79: =VLOOKUP(AL79,'DATABASE F&B'!$C$3:$F$216,4,0) -> 0 | AP79: =AN79*AO79 -> 0 | AR79: =VLOOKUP(AQ79,'DATABASE F&B'!$C$3:$F$216,2,0) -> 0 | AS79: 1 | AT79: =VLOOKUP(AQ79,'DATABASE F&B'!$C$3:$F$216,4,0) -> 0 | AU79: =AS79*AT79 -> 0 | AW79: =VLOOKUP(AV79,'DATABASE F&B'!$C$3:$F$216,2,0) -> 0 | AY79: =VLOOKUP(AV79,'DATABASE F&B'!$C$3:$F$216,4,0) -> 0 | AZ79: =AX79*AY79 -> 0 | BB79: =VLOOKUP(BA79,'DATABASE F&B'!$C$3:$F$216,2,0) -> 0 | BD79: =VLOOKUP(BA79,'DATABASE F&B'!$C$3:$F$216,4,0) -> 0 | BE79: =BC79*BD79 -> 0 | BG79: =VLOOKUP(BF79,'DATABASE F&B'!$C$3:$F$216,2,0) -> 0 | BI79: =VLOOKUP(BF79,'DATABASE F&B'!$C$3:$F$216,4,0) -> 0 | BJ79: =BH79*BI79 -> 0 | BL79: =VLOOKUP(BK79,'DATABASE F&B'!$C$3:$F$210,2,0) -> 0 | BN79: =VLOOKUP(BK79,'DATABASE F&B'!$C$3:$F$210,4,0) -> 0 | BO79: =BM79*BN79 -> 0 | BQ79: =VLOOKUP(BP79,'DATABASE F&B'!$C$3:$F$210,2,0) -> 0 | BS79: =VLOOKUP(BP79,'DATABASE F&B'!$C$3:$F$210,4,0) -> 0 | BT79: =BR79*BS79 -> 0 | BV79: =VLOOKUP(BU79,'DATABASE F&B'!$C$3:$F$210,2,0) -> 0 | BX79: =VLOOKUP(BU79,'DATABASE F&B'!$C$3:$F$210,4,0) -> 0 | BY79: =BW79*BX79 -> 0 | CA79: =VLOOKUP(BZ79,'DATABASE F&B'!$C$3:$F$210,2,0) -> 0 | CC79: =VLOOKUP(BZ79,'DATABASE F&B'!$C$3:$F$210,4,0) -> 0 | CD79: =CB79*CC79 -> 0
A80: =CONCATENATE(F80,"-",E80,"-20",G80) -> 05-'14-2026 | B80: =B79+1 -> 76 | C80: =C79+1 -> 76 | D80: 46156 | E80: '14 | F80: 05 | G80: 26 | H80: =CONCATENATE("RJ","-",E80,F80,G80,"-",B80) -> RJ-'140526-76 | I80: =CONCATENATE(E80,"-",F80,"-20",G80) -> '14-05-2026 | J80: =VLOOKUP(D80,Laporan!$C$4:$D$34,2,0) -> Kamis | L80: Bar | M80: =SUMIF('DATABASE Room'!$B$3:$B$7,L80,'DATABASE Room'!$D$3:$D$7) -> 0 | N80: 1 | O80: =N80*M80 -> 0 | Q80: =P80*M80 -> 0 | R80: =O80+Q80 -> 0 | S80: =SUMIF($W$4:$CD$4,$S$4,W80:CD80) -> 5 | T80: =SUMIF($W$4:$CD$4,$T$4,W80:CD80) -> 55000 | U80: =R80+T80 -> 55000 | W80: 102 | X80: =VLOOKUP(W80,'DATABASE F&B'!$C$3:$F$216,2,0) -> LA ICE PULPLE | Y80: 1 | Z80: =VLOOKUP(W80,'DATABASE F&B'!$C$3:$F$216,4,0) -> 55000 | AA80: =Y80*Z80 -> 55000 | AC80: =VLOOKUP(AB80,'DATABASE F&B'!$C$3:$F$216,2,0) -> 0 | AD80: 1 | AE80: =VLOOKUP(AB80,'DATABASE F&B'!$C$3:$F$216,4,0) -> 0 | AF80: =AD80*AE80 -> 0 | AH80: =VLOOKUP(AG80,'DATABASE F&B'!$C$3:$F$216,2,0) -> 0 | AI80: 1 | AJ80: =VLOOKUP(AG80,'DATABASE F&B'!$C$3:$F$216,4,0) -> 0 | AK80: =AI80*AJ80 -> 0 | AM80: =VLOOKUP(AL80,'DATABASE F&B'!$C$3:$F$216,2,0) -> 0 | AN80: 1 | AO80: =VLOOKUP(AL80,'DATABASE F&B'!$C$3:$F$216,4,0) -> 0 | AP80: =AN80*AO80 -> 0 | AR80: =VLOOKUP(AQ80,'DATABASE F&B'!$C$3:$F$216,2,0) -> 0 | AS80: 1 | AT80: =VLOOKUP(AQ80,'DATABASE F&B'!$C$3:$F$216,4,0) -> 0 | AU80: =AS80*AT80 -> 0 | AW80: =VLOOKUP(AV80,'DATABASE F&B'!$C$3:$F$216,2,0) -> 0 | AY80: =VLOOKUP(AV80,'DATABASE F&B'!$C$3:$F$216,4,0) -> 0 | AZ80: =AX80*AY80 -> 0 | BB80: =VLOOKUP(BA80,'DATABASE F&B'!$C$3:$F$216,2,0) -> 0 | BD80: =VLOOKUP(BA80,'DATABASE F&B'!$C$3:$F$216,4,0) -> 0 | BE80: =BC80*BD80 -> 0 | BG80: =VLOOKUP(BF80,'DATABASE F&B'!$C$3:$F$216,2,0) -> 0 | BI80: =VLOOKUP(BF80,'DATABASE F&B'!$C$3:$F$216,4,0) -> 0 | BJ80: =BH80*BI80 -> 0 | BL80: =VLOOKUP(BK80,'DATABASE F&B'!$C$3:$F$210,2,0) -> 0 | BN80: =VLOOKUP(BK80,'DATABASE F&B'!$C$3:$F$210,4,0) -> 0 | BO80: =BM80*BN80 -> 0 | BQ80: =VLOOKUP(BP80,'DATABASE F&B'!$C$3:$F$210,2,0) -> 0 | BS80: =VLOOKUP(BP80,'DATABASE F&B'!$C$3:$F$210,4,0) -> 0 | BT80: =BR80*BS80 -> 0 | BV80: =VLOOKUP(BU80,'DATABASE F&B'!$C$3:$F$210,2,0) -> 0 | BX80: =VLOOKUP(BU80,'DATABASE F&B'!$C$3:$F$210,4,0) -> 0 | BY80: =BW80*BX80 -> 0 | CA80: =VLOOKUP(BZ80,'DATABASE F&B'!$C$3:$F$210,2,0) -> 0 | CC80: =VLOOKUP(BZ80,'DATABASE F&B'!$C$3:$F$210,4,0) -> 0 | CD80: =CB80*CC80 -> 0
A81: =CONCATENATE(F81,"-",E81,"-20",G81) -> 05-'14-2026 | B81: =B80+1 -> 77 | C81: =C80+1 -> 77 | D81: 46156 | E81: '14 | F81: 05 | G81: 26 | H81: =CONCATENATE("RJ","-",E81,F81,G81,"-",B81) -> RJ-'140526-77 | I81: =CONCATENATE(E81,"-",F81,"-20",G81) -> '14-05-2026 | J81: =VLOOKUP(D81,Laporan!$C$4:$D$34,2,0) -> Kamis | L81: Bar | M81: =SUMIF('DATABASE Room'!$B$3:$B$7,L81,'DATABASE Room'!$D$3:$D$7) -> 0 | N81: 1 | O81: =N81*M81 -> 0 | Q81: =P81*M81 -> 0 | R81: =O81+Q81 -> 0 | S81: =SUMIF($W$4:$CD$4,$S$4,W81:CD81) -> 5 | T81: =SUMIF($W$4:$CD$4,$T$4,W81:CD81) -> 55000 | U81: =R81+T81 -> 55000 | W81: 103 | X81: =VLOOKUP(W81,'DATABASE F&B'!$C$3:$F$216,2,0) -> LA RED | Y81: 1 | Z81: =VLOOKUP(W81,'DATABASE F&B'!$C$3:$F$216,4,0) -> 55000 | AA81: =Y81*Z81 -> 55000 | AC81: =VLOOKUP(AB81,'DATABASE F&B'!$C$3:$F$216,2,0) -> 0 | AD81: 1 | AE81: =VLOOKUP(AB81,'DATABASE F&B'!$C$3:$F$216,4,0) -> 0 | AF81: =AD81*AE81 -> 0 | AH81: =VLOOKUP(AG81,'DATABASE F&B'!$C$3:$F$216,2,0) -> 0 | AI81: 1 | AJ81: =VLOOKUP(AG81,'DATABASE F&B'!$C$3:$F$216,4,0) -> 0 | AK81: =AI81*AJ81 -> 0 | AM81: =VLOOKUP(AL81,'DATABASE F&B'!$C$3:$F$216,2,0) -> 0 | AN81: 1 | AO81: =VLOOKUP(AL81,'DATABASE F&B'!$C$3:$F$216,4,0) -> 0 | AP81: =AN81*AO81 -> 0 | AR81: =VLOOKUP(AQ81,'DATABASE F&B'!$C$3:$F$216,2,0) -> 0 | AS81: 1 | AT81: =VLOOKUP(AQ81,'DATABASE F&B'!$C$3:$F$216,4,0) -> 0 | AU81: =AS81*AT81 -> 0 | AW81: =VLOOKUP(AV81,'DATABASE F&B'!$C$3:$F$216,2,0) -> 0 | AY81: =VLOOKUP(AV81,'DATABASE F&B'!$C$3:$F$216,4,0) -> 0 | AZ81: =AX81*AY81 -> 0 | BB81: =VLOOKUP(BA81,'DATABASE F&B'!$C$3:$F$216,2,0) -> 0 | BD81: =VLOOKUP(BA81,'DATABASE F&B'!$C$3:$F$216,4,0) -> 0 | BE81: =BC81*BD81 -> 0 | BG81: =VLOOKUP(BF81,'DATABASE F&B'!$C$3:$F$216,2,0) -> 0 | BI81: =VLOOKUP(BF81,'DATABASE F&B'!$C$3:$F$216,4,0) -> 0 | BJ81: =BH81*BI81 -> 0 | BL81: =VLOOKUP(BK81,'DATABASE F&B'!$C$3:$F$210,2,0) -> 0 | BN81: =VLOOKUP(BK81,'DATABASE F&B'!$C$3:$F$210,4,0) -> 0 | BO81: =BM81*BN81 -> 0 | BQ81: =VLOOKUP(BP81,'DATABASE F&B'!$C$3:$F$210,2,0) -> 0 | BS81: =VLOOKUP(BP81,'DATABASE F&B'!$C$3:$F$210,4,0) -> 0 | BT81: =BR81*BS81 -> 0 | BV81: =VLOOKUP(BU81,'DATABASE F&B'!$C$3:$F$210,2,0) -> 0 | BX81: =VLOOKUP(BU81,'DATABASE F&B'!$C$3:$F$210,4,0) -> 0 | BY81: =BW81*BX81 -> 0 | CA81: =VLOOKUP(BZ81,'DATABASE F&B'!$C$3:$F$210,2,0) -> 0 | CC81: =VLOOKUP(BZ81,'DATABASE F&B'!$C$3:$F$210,4,0) -> 0 | CD81: =CB81*CC81 -> 0
A82: =CONCATENATE(F82,"-",E82,"-20",G82) -> 05-'14-2026 | B82: =B81+1 -> 78 | C82: =C81+1 -> 78 | D82: 46156 | E82: '14 | F82: 05 | G82: 26 | H82: =CONCATENATE("RJ","-",E82,F82,G82,"-",B82) -> RJ-'140526-78 | I82: =CONCATENATE(E82,"-",F82,"-20",G82) -> '14-05-2026 | J82: =VLOOKUP(D82,Laporan!$C$4:$D$34,2,0) -> Kamis | L82: Bar | M82: =SUMIF('DATABASE Room'!$B$3:$B$7,L82,'DATABASE Room'!$D$3:$D$7) -> 0 | N82: 1 | O82: =N82*M82 -> 0 | Q82: =P82*M82 -> 0 | R82: =O82+Q82 -> 0 | S82: =SUMIF($W$4:$CD$4,$S$4,W82:CD82) -> 5 | T82: =SUMIF($W$4:$CD$4,$T$4,W82:CD82) -> 50000 | U82: =R82+T82 -> 50000 | W82: 1 | X82: =VLOOKUP(W82,'DATABASE F&B'!$C$3:$F$216,2,0) -> ANGGUR HIJAU | Y82: 1 | Z82: =VLOOKUP(W82,'DATABASE F&B'!$C$3:$F$216,4,0) -> 50000 | AA82: =Y82*Z82 -> 50000 | AC82: =VLOOKUP(AB82,'DATABASE F&B'!$C$3:$F$216,2,0) -> 0 | AD82: 1 | AE82: =VLOOKUP(AB82,'DATABASE F&B'!$C$3:$F$216,4,0) -> 0 | AF82: =AD82*AE82 -> 0 | AH82: =VLOOKUP(AG82,'DATABASE F&B'!$C$3:$F$216,2,0) -> 0 | AI82: 1 | AJ82: =VLOOKUP(AG82,'DATABASE F&B'!$C$3:$F$216,4,0) -> 0 | AK82: =AI82*AJ82 -> 0 | AM82: =VLOOKUP(AL82,'DATABASE F&B'!$C$3:$F$216,2,0) -> 0 | AN82: 1 | AO82: =VLOOKUP(AL82,'DATABASE F&B'!$C$3:$F$216,4,0) -> 0 | AP82: =AN82*AO82 -> 0 | AR82: =VLOOKUP(AQ82,'DATABASE F&B'!$C$3:$F$216,2,0) -> 0 | AS82: 1 | AT82: =VLOOKUP(AQ82,'DATABASE F&B'!$C$3:$F$216,4,0) -> 0 | AU82: =AS82*AT82 -> 0 | AW82: =VLOOKUP(AV82,'DATABASE F&B'!$C$3:$F$216,2,0) -> 0 | AY82: =VLOOKUP(AV82,'DATABASE F&B'!$C$3:$F$216,4,0) -> 0 | AZ82: =AX82*AY82 -> 0 | BB82: =VLOOKUP(BA82,'DATABASE F&B'!$C$3:$F$216,2,0) -> 0 | BD82: =VLOOKUP(BA82,'DATABASE F&B'!$C$3:$F$216,4,0) -> 0 | BE82: =BC82*BD82 -> 0 | BG82: =VLOOKUP(BF82,'DATABASE F&B'!$C$3:$F$216,2,0) -> 0 | BI82: =VLOOKUP(BF82,'DATABASE F&B'!$C$3:$F$216,4,0) -> 0 | BJ82: =BH82*BI82 -> 0 | BL82: =VLOOKUP(BK82,'DATABASE F&B'!$C$3:$F$210,2,0) -> 0 | BN82: =VLOOKUP(BK82,'DATABASE F&B'!$C$3:$F$210,4,0) -> 0 | BO82: =BM82*BN82 -> 0 | BQ82: =VLOOKUP(BP82,'DATABASE F&B'!$C$3:$F$210,2,0) -> 0 | BS82: =VLOOKUP(BP82,'DATABASE F&B'!$C$3:$F$210,4,0) -> 0 | BT82: =BR82*BS82 -> 0 | BV82: =VLOOKUP(BU82,'DATABASE F&B'!$C$3:$F$210,2,0) -> 0 | BX82: =VLOOKUP(BU82,'DATABASE F&B'!$C$3:$F$210,4,0) -> 0 | BY82: =BW82*BX82 -> 0 | CA82: =VLOOKUP(BZ82,'DATABASE F&B'!$C$3:$F$210,2,0) -> 0 | CC82: =VLOOKUP(BZ82,'DATABASE F&B'!$C$3:$F$210,4,0) -> 0 | CD82: =CB82*CC82 -> 0
A83: =CONCATENATE(F83,"-",E83,"-20",G83) -> 05-'14-2026 | B83: =B82+1 -> 79 | C83: =C82+1 -> 79 | D83: 46156 | E83: '14 | F83: 05 | G83: 26 | H83: =CONCATENATE("RJ","-",E83,F83,G83,"-",B83) -> RJ-'140526-79 | I83: =CONCATENATE(E83,"-",F83,"-20",G83) -> '14-05-2026 | J83: =VLOOKUP(D83,Laporan!$C$4:$D$34,2,0) -> Kamis | L83: Bar | M83: =SUMIF('DATABASE Room'!$B$3:$B$7,L83,'DATABASE Room'!$D$3:$D$7) -> 0 | N83: 1 | O83: =N83*M83 -> 0 | Q83: =P83*M83 -> 0 | R83: =O83+Q83 -> 0 | S83: =SUMIF($W$4:$CD$4,$S$4,W83:CD83) -> 5 | T83: =SUMIF($W$4:$CD$4,$T$4,W83:CD83) -> 115000 | U83: =R83+T83 -> 115000 | W83: 2 | X83: =VLOOKUP(W83,'DATABASE F&B'!$C$3:$F$216,2,0) -> USUS GORENG ORI | Y83: 1 | Z83: =VLOOKUP(W83,'DATABASE F&B'!$C$3:$F$216,4,0) -> 35000 | AA83: =Y83*Z83 -> 35000 | AB83: 79 | AC83: =VLOOKUP(AB83,'DATABASE F&B'!$C$3:$F$216,2,0) -> ERDINGER HELLES LAGER 330ML | AD83: 1 | AE83: =VLOOKUP(AB83,'DATABASE F&B'!$C$3:$F$216,4,0) -> 80000 | AF83: =AD83*AE83 -> 80000 | AH83: =VLOOKUP(AG83,'DATABASE F&B'!$C$3:$F$216,2,0) -> 0 | AI83: 1 | AJ83: =VLOOKUP(AG83,'DATABASE F&B'!$C$3:$F$216,4,0) -> 0 | AK83: =AI83*AJ83 -> 0 | AM83: =VLOOKUP(AL83,'DATABASE F&B'!$C$3:$F$216,2,0) -> 0 | AN83: 1 | AO83: =VLOOKUP(AL83,'DATABASE F&B'!$C$3:$F$216,4,0) -> 0 | AP83: =AN83*AO83 -> 0 | AR83: =VLOOKUP(AQ83,'DATABASE F&B'!$C$3:$F$216,2,0) -> 0 | AS83: 1 | AT83: =VLOOKUP(AQ83,'DATABASE F&B'!$C$3:$F$216,4,0) -> 0 | AU83: =AS83*AT83 -> 0 | AW83: =VLOOKUP(AV83,'DATABASE F&B'!$C$3:$F$216,2,0) -> 0 | AY83: =VLOOKUP(AV83,'DATABASE F&B'!$C$3:$F$216,4,0) -> 0 | AZ83: =AX83*AY83 -> 0 | BB83: =VLOOKUP(BA83,'DATABASE F&B'!$C$3:$F$216,2,0) -> 0 | BD83: =VLOOKUP(BA83,'DATABASE F&B'!$C$3:$F$216,4,0) -> 0 | BE83: =BC83*BD83 -> 0 | BG83: =VLOOKUP(BF83,'DATABASE F&B'!$C$3:$F$216,2,0) -> 0 | BI83: =VLOOKUP(BF83,'DATABASE F&B'!$C$3:$F$216,4,0) -> 0 | BJ83: =BH83*BI83 -> 0 | BL83: =VLOOKUP(BK83,'DATABASE F&B'!$C$3:$F$210,2,0) -> 0 | BN83: =VLOOKUP(BK83,'DATABASE F&B'!$C$3:$F$210,4,0) -> 0 | BO83: =BM83*BN83 -> 0 | BQ83: =VLOOKUP(BP83,'DATABASE F&B'!$C$3:$F$210,2,0) -> 0 | BS83: =VLOOKUP(BP83,'DATABASE F&B'!$C$3:$F$210,4,0) -> 0 | BT83: =BR83*BS83 -> 0 | BV83: =VLOOKUP(BU83,'DATABASE F&B'!$C$3:$F$210,2,0) -> 0 | BX83: =VLOOKUP(BU83,'DATABASE F&B'!$C$3:$F$210,4,0) -> 0 | BY83: =BW83*BX83 -> 0 | CA83: =VLOOKUP(BZ83,'DATABASE F&B'!$C$3:$F$210,2,0) -> 0 | CC83: =VLOOKUP(BZ83,'DATABASE F&B'!$C$3:$F$210,4,0) -> 0 | CD83: =CB83*CC83 -> 0
A84: =CONCATENATE(F84,"-",E84,"-20",G84) -> 05-'15-2026 | B84: =B83+1 -> 80 | C84: =C83+1 -> 80 | D84: 46157 | E84: '15 | F84: 05 | G84: 26 | H84: =CONCATENATE("RJ","-",E84,F84,G84,"-",B84) -> RJ-'150526-80 | I84: =CONCATENATE(E84,"-",F84,"-20",G84) -> '15-05-2026 | J84: =VLOOKUP(D84,Laporan!$C$4:$D$34,2,0) -> Jumat | L84: Bar | M84: =SUMIF('DATABASE Room'!$B$3:$B$7,L84,'DATABASE Room'!$D$3:$D$7) -> 0 | N84: 1 | O84: =N84*M84 -> 0 | Q84: =P84*M84 -> 0 | R84: =O84+Q84 -> 0 | S84: =SUMIF($W$4:$CD$4,$S$4,W84:CD84) -> 5 | T84: =SUMIF($W$4:$CD$4,$T$4,W84:CD84) -> 75000 | U84: =R84+T84 -> 75000 | W84: 96 | X84: =VLOOKUP(W84,'DATABASE F&B'!$C$3:$F$216,2,0) -> MARLBORO LIGHT | Y84: 1 | Z84: =VLOOKUP(W84,'DATABASE F&B'!$C$3:$F$216,4,0) -> 75000 | AA84: =Y84*Z84 -> 75000 | AC84: =VLOOKUP(AB84,'DATABASE F&B'!$C$3:$F$216,2,0) -> 0 | AD84: 1 | AE84: =VLOOKUP(AB84,'DATABASE F&B'!$C$3:$F$216,4,0) -> 0 | AF84: =AD84*AE84 -> 0 | AH84: =VLOOKUP(AG84,'DATABASE F&B'!$C$3:$F$216,2,0) -> 0 | AI84: 1 | AJ84: =VLOOKUP(AG84,'DATABASE F&B'!$C$3:$F$216,4,0) -> 0 | AK84: =AI84*AJ84 -> 0 | AM84: =VLOOKUP(AL84,'DATABASE F&B'!$C$3:$F$216,2,0) -> 0 | AN84: 1 | AO84: =VLOOKUP(AL84,'DATABASE F&B'!$C$3:$F$216,4,0) -> 0 | AP84: =AN84*AO84 -> 0 | AR84: =VLOOKUP(AQ84,'DATABASE F&B'!$C$3:$F$216,2,0) -> 0 | AS84: 1 | AT84: =VLOOKUP(AQ84,'DATABASE F&B'!$C$3:$F$216,4,0) -> 0 | AU84: =AS84*AT84 -> 0 | AW84: =VLOOKUP(AV84,'DATABASE F&B'!$C$3:$F$216,2,0) -> 0 | AY84: =VLOOKUP(AV84,'DATABASE F&B'!$C$3:$F$216,4,0) -> 0 | AZ84: =AX84*AY84 -> 0 | BB84: =VLOOKUP(BA84,'DATABASE F&B'!$C$3:$F$216,2,0) -> 0 | BD84: =VLOOKUP(BA84,'DATABASE F&B'!$C$3:$F$216,4,0) -> 0 | BE84: =BC84*BD84 -> 0 | BG84: =VLOOKUP(BF84,'DATABASE F&B'!$C$3:$F$216,2,0) -> 0 | BI84: =VLOOKUP(BF84,'DATABASE F&B'!$C$3:$F$216,4,0) -> 0 | BJ84: =BH84*BI84 -> 0 | BL84: =VLOOKUP(BK84,'DATABASE F&B'!$C$3:$F$210,2,0) -> 0 | BN84: =VLOOKUP(BK84,'DATABASE F&B'!$C$3:$F$210,4,0) -> 0 | BO84: =BM84*BN84 -> 0 | BQ84: =VLOOKUP(BP84,'DATABASE F&B'!$C$3:$F$210,2,0) -> 0 | BS84: =VLOOKUP(BP84,'DATABASE F&B'!$C$3:$F$210,4,0) -> 0 | BT84: =BR84*BS84 -> 0 | BV84: =VLOOKUP(BU84,'DATABASE F&B'!$C$3:$F$210,2,0) -> 0 | BX84: =VLOOKUP(BU84,'DATABASE F&B'!$C$3:$F$210,4,0) -> 0 | BY84: =BW84*BX84 -> 0 | CA84: =VLOOKUP(BZ84,'DATABASE F&B'!$C$3:$F$210,2,0) -> 0 | CC84: =VLOOKUP(BZ84,'DATABASE F&B'!$C$3:$F$210,4,0) -> 0 | CD84: =CB84*CC84 -> 0
A85: =CONCATENATE(F85,"-",E85,"-20",G85) -> 05-'15-2026 | B85: =B84+1 -> 81 | C85: =C84+1 -> 81 | D85: 46157 | E85: '15 | F85: 05 | G85: 26 | H85: =CONCATENATE("RJ","-",E85,F85,G85,"-",B85) -> RJ-'150526-81 | I85: =CONCATENATE(E85,"-",F85,"-20",G85) -> '15-05-2026 | J85: =VLOOKUP(D85,Laporan!$C$4:$D$34,2,0) -> Jumat | L85: Bar | M85: =SUMIF('DATABASE Room'!$B$3:$B$7,L85,'DATABASE Room'!$D$3:$D$7) -> 0 | N85: 1 | O85: =N85*M85 -> 0 | Q85: =P85*M85 -> 0 | R85: =O85+Q85 -> 0 | S85: =SUMIF($W$4:$CD$4,$S$4,W85:CD85) -> 5 | T85: =SUMIF($W$4:$CD$4,$T$4,W85:CD85) -> 30000 | U85: =R85+T85 -> 30000 | W85: 4 | X85: =VLOOKUP(W85,'DATABASE F&B'!$C$3:$F$216,2,0) -> KERIPIK TEMPE | Y85: 1 | Z85: =VLOOKUP(W85,'DATABASE F&B'!$C$3:$F$216,4,0) -> 30000 | AA85: =Y85*Z85 -> 30000 | AC85: =VLOOKUP(AB85,'DATABASE F&B'!$C$3:$F$216,2,0) -> 0 | AD85: 1 | AE85: =VLOOKUP(AB85,'DATABASE F&B'!$C$3:$F$216,4,0) -> 0 | AF85: =AD85*AE85 -> 0 | AH85: =VLOOKUP(AG85,'DATABASE F&B'!$C$3:$F$216,2,0) -> 0 | AI85: 1 | AJ85: =VLOOKUP(AG85,'DATABASE F&B'!$C$3:$F$216,4,0) -> 0 | AK85: =AI85*AJ85 -> 0 | AM85: =VLOOKUP(AL85,'DATABASE F&B'!$C$3:$F$216,2,0) -> 0 | AN85: 1 | AO85: =VLOOKUP(AL85,'DATABASE F&B'!$C$3:$F$216,4,0) -> 0 | AP85: =AN85*AO85 -> 0 | AR85: =VLOOKUP(AQ85,'DATABASE F&B'!$C$3:$F$216,2,0) -> 0 | AS85: 1 | AT85: =VLOOKUP(AQ85,'DATABASE F&B'!$C$3:$F$216,4,0) -> 0 | AU85: =AS85*AT85 -> 0 | AW85: =VLOOKUP(AV85,'DATABASE F&B'!$C$3:$F$216,2,0) -> 0 | AY85: =VLOOKUP(AV85,'DATABASE F&B'!$C$3:$F$216,4,0) -> 0 | AZ85: =AX85*AY85 -> 0 | BB85: =VLOOKUP(BA85,'DATABASE F&B'!$C$3:$F$216,2,0) -> 0 | BD85: =VLOOKUP(BA85,'DATABASE F&B'!$C$3:$F$216,4,0) -> 0 | BE85: =BC85*BD85 -> 0 | BG85: =VLOOKUP(BF85,'DATABASE F&B'!$C$3:$F$216,2,0) -> 0 | BI85: =VLOOKUP(BF85,'DATABASE F&B'!$C$3:$F$216,4,0) -> 0 | BJ85: =BH85*BI85 -> 0 | BL85: =VLOOKUP(BK85,'DATABASE F&B'!$C$3:$F$210,2,0) -> 0 | BN85: =VLOOKUP(BK85,'DATABASE F&B'!$C$3:$F$210,4,0) -> 0 | BO85: =BM85*BN85 -> 0 | BQ85: =VLOOKUP(BP85,'DATABASE F&B'!$C$3:$F$210,2,0) -> 0 | BS85: =VLOOKUP(BP85,'DATABASE F&B'!$C$3:$F$210,4,0) -> 0 | BT85: =BR85*BS85 -> 0 | BV85: =VLOOKUP(BU85,'DATABASE F&B'!$C$3:$F$210,2,0) -> 0 | BX85: =VLOOKUP(BU85,'DATABASE F&B'!$C$3:$F$210,4,0) -> 0 | BY85: =BW85*BX85 -> 0 | CA85: =VLOOKUP(BZ85,'DATABASE F&B'!$C$3:$F$210,2,0) -> 0 | CC85: =VLOOKUP(BZ85,'DATABASE F&B'!$C$3:$F$210,4,0) -> 0 | CD85: =CB85*CC85 -> 0
